# Versailles Hall reference model
mtllib versailles-hall.mtl
v -36.500 -0.500 -6.000
v 36.500 -0.500 -6.000
v 36.500 0.000 -6.000
v -36.500 0.000 -6.000
v -36.500 -0.500 6.000
v 36.500 -0.500 6.000
v 36.500 0.000 6.000
v -36.500 0.000 6.000
v -35.525 0.010 -5.700
v -35.475 0.010 -5.700
v -35.475 0.050 -5.700
v -35.525 0.050 -5.700
v -35.525 0.010 5.700
v -35.475 0.010 5.700
v -35.475 0.050 5.700
v -35.525 0.050 5.700
v -33.525 0.010 -5.700
v -33.475 0.010 -5.700
v -33.475 0.050 -5.700
v -33.525 0.050 -5.700
v -33.525 0.010 5.700
v -33.475 0.010 5.700
v -33.475 0.050 5.700
v -33.525 0.050 5.700
v -31.525 0.010 -5.700
v -31.475 0.010 -5.700
v -31.475 0.050 -5.700
v -31.525 0.050 -5.700
v -31.525 0.010 5.700
v -31.475 0.010 5.700
v -31.475 0.050 5.700
v -31.525 0.050 5.700
v -29.525 0.010 -5.700
v -29.475 0.010 -5.700
v -29.475 0.050 -5.700
v -29.525 0.050 -5.700
v -29.525 0.010 5.700
v -29.475 0.010 5.700
v -29.475 0.050 5.700
v -29.525 0.050 5.700
v -27.525 0.010 -5.700
v -27.475 0.010 -5.700
v -27.475 0.050 -5.700
v -27.525 0.050 -5.700
v -27.525 0.010 5.700
v -27.475 0.010 5.700
v -27.475 0.050 5.700
v -27.525 0.050 5.700
v -25.525 0.010 -5.700
v -25.475 0.010 -5.700
v -25.475 0.050 -5.700
v -25.525 0.050 -5.700
v -25.525 0.010 5.700
v -25.475 0.010 5.700
v -25.475 0.050 5.700
v -25.525 0.050 5.700
v -23.525 0.010 -5.700
v -23.475 0.010 -5.700
v -23.475 0.050 -5.700
v -23.525 0.050 -5.700
v -23.525 0.010 5.700
v -23.475 0.010 5.700
v -23.475 0.050 5.700
v -23.525 0.050 5.700
v -21.525 0.010 -5.700
v -21.475 0.010 -5.700
v -21.475 0.050 -5.700
v -21.525 0.050 -5.700
v -21.525 0.010 5.700
v -21.475 0.010 5.700
v -21.475 0.050 5.700
v -21.525 0.050 5.700
v -19.525 0.010 -5.700
v -19.475 0.010 -5.700
v -19.475 0.050 -5.700
v -19.525 0.050 -5.700
v -19.525 0.010 5.700
v -19.475 0.010 5.700
v -19.475 0.050 5.700
v -19.525 0.050 5.700
v -17.525 0.010 -5.700
v -17.475 0.010 -5.700
v -17.475 0.050 -5.700
v -17.525 0.050 -5.700
v -17.525 0.010 5.700
v -17.475 0.010 5.700
v -17.475 0.050 5.700
v -17.525 0.050 5.700
v -15.525 0.010 -5.700
v -15.475 0.010 -5.700
v -15.475 0.050 -5.700
v -15.525 0.050 -5.700
v -15.525 0.010 5.700
v -15.475 0.010 5.700
v -15.475 0.050 5.700
v -15.525 0.050 5.700
v -13.525 0.010 -5.700
v -13.475 0.010 -5.700
v -13.475 0.050 -5.700
v -13.525 0.050 -5.700
v -13.525 0.010 5.700
v -13.475 0.010 5.700
v -13.475 0.050 5.700
v -13.525 0.050 5.700
v -11.525 0.010 -5.700
v -11.475 0.010 -5.700
v -11.475 0.050 -5.700
v -11.525 0.050 -5.700
v -11.525 0.010 5.700
v -11.475 0.010 5.700
v -11.475 0.050 5.700
v -11.525 0.050 5.700
v -9.525 0.010 -5.700
v -9.475 0.010 -5.700
v -9.475 0.050 -5.700
v -9.525 0.050 -5.700
v -9.525 0.010 5.700
v -9.475 0.010 5.700
v -9.475 0.050 5.700
v -9.525 0.050 5.700
v -7.525 0.010 -5.700
v -7.475 0.010 -5.700
v -7.475 0.050 -5.700
v -7.525 0.050 -5.700
v -7.525 0.010 5.700
v -7.475 0.010 5.700
v -7.475 0.050 5.700
v -7.525 0.050 5.700
v -5.525 0.010 -5.700
v -5.475 0.010 -5.700
v -5.475 0.050 -5.700
v -5.525 0.050 -5.700
v -5.525 0.010 5.700
v -5.475 0.010 5.700
v -5.475 0.050 5.700
v -5.525 0.050 5.700
v -3.525 0.010 -5.700
v -3.475 0.010 -5.700
v -3.475 0.050 -5.700
v -3.525 0.050 -5.700
v -3.525 0.010 5.700
v -3.475 0.010 5.700
v -3.475 0.050 5.700
v -3.525 0.050 5.700
v -1.525 0.010 -5.700
v -1.475 0.010 -5.700
v -1.475 0.050 -5.700
v -1.525 0.050 -5.700
v -1.525 0.010 5.700
v -1.475 0.010 5.700
v -1.475 0.050 5.700
v -1.525 0.050 5.700
v 0.475 0.010 -5.700
v 0.525 0.010 -5.700
v 0.525 0.050 -5.700
v 0.475 0.050 -5.700
v 0.475 0.010 5.700
v 0.525 0.010 5.700
v 0.525 0.050 5.700
v 0.475 0.050 5.700
v 2.475 0.010 -5.700
v 2.525 0.010 -5.700
v 2.525 0.050 -5.700
v 2.475 0.050 -5.700
v 2.475 0.010 5.700
v 2.525 0.010 5.700
v 2.525 0.050 5.700
v 2.475 0.050 5.700
v 4.475 0.010 -5.700
v 4.525 0.010 -5.700
v 4.525 0.050 -5.700
v 4.475 0.050 -5.700
v 4.475 0.010 5.700
v 4.525 0.010 5.700
v 4.525 0.050 5.700
v 4.475 0.050 5.700
v 6.475 0.010 -5.700
v 6.525 0.010 -5.700
v 6.525 0.050 -5.700
v 6.475 0.050 -5.700
v 6.475 0.010 5.700
v 6.525 0.010 5.700
v 6.525 0.050 5.700
v 6.475 0.050 5.700
v 8.475 0.010 -5.700
v 8.525 0.010 -5.700
v 8.525 0.050 -5.700
v 8.475 0.050 -5.700
v 8.475 0.010 5.700
v 8.525 0.010 5.700
v 8.525 0.050 5.700
v 8.475 0.050 5.700
v 10.475 0.010 -5.700
v 10.525 0.010 -5.700
v 10.525 0.050 -5.700
v 10.475 0.050 -5.700
v 10.475 0.010 5.700
v 10.525 0.010 5.700
v 10.525 0.050 5.700
v 10.475 0.050 5.700
v 12.475 0.010 -5.700
v 12.525 0.010 -5.700
v 12.525 0.050 -5.700
v 12.475 0.050 -5.700
v 12.475 0.010 5.700
v 12.525 0.010 5.700
v 12.525 0.050 5.700
v 12.475 0.050 5.700
v 14.475 0.010 -5.700
v 14.525 0.010 -5.700
v 14.525 0.050 -5.700
v 14.475 0.050 -5.700
v 14.475 0.010 5.700
v 14.525 0.010 5.700
v 14.525 0.050 5.700
v 14.475 0.050 5.700
v 16.475 0.010 -5.700
v 16.525 0.010 -5.700
v 16.525 0.050 -5.700
v 16.475 0.050 -5.700
v 16.475 0.010 5.700
v 16.525 0.010 5.700
v 16.525 0.050 5.700
v 16.475 0.050 5.700
v 18.475 0.010 -5.700
v 18.525 0.010 -5.700
v 18.525 0.050 -5.700
v 18.475 0.050 -5.700
v 18.475 0.010 5.700
v 18.525 0.010 5.700
v 18.525 0.050 5.700
v 18.475 0.050 5.700
v 20.475 0.010 -5.700
v 20.525 0.010 -5.700
v 20.525 0.050 -5.700
v 20.475 0.050 -5.700
v 20.475 0.010 5.700
v 20.525 0.010 5.700
v 20.525 0.050 5.700
v 20.475 0.050 5.700
v 22.475 0.010 -5.700
v 22.525 0.010 -5.700
v 22.525 0.050 -5.700
v 22.475 0.050 -5.700
v 22.475 0.010 5.700
v 22.525 0.010 5.700
v 22.525 0.050 5.700
v 22.475 0.050 5.700
v 24.475 0.010 -5.700
v 24.525 0.010 -5.700
v 24.525 0.050 -5.700
v 24.475 0.050 -5.700
v 24.475 0.010 5.700
v 24.525 0.010 5.700
v 24.525 0.050 5.700
v 24.475 0.050 5.700
v 26.475 0.010 -5.700
v 26.525 0.010 -5.700
v 26.525 0.050 -5.700
v 26.475 0.050 -5.700
v 26.475 0.010 5.700
v 26.525 0.010 5.700
v 26.525 0.050 5.700
v 26.475 0.050 5.700
v 28.475 0.010 -5.700
v 28.525 0.010 -5.700
v 28.525 0.050 -5.700
v 28.475 0.050 -5.700
v 28.475 0.010 5.700
v 28.525 0.010 5.700
v 28.525 0.050 5.700
v 28.475 0.050 5.700
v 30.475 0.010 -5.700
v 30.525 0.010 -5.700
v 30.525 0.050 -5.700
v 30.475 0.050 -5.700
v 30.475 0.010 5.700
v 30.525 0.010 5.700
v 30.525 0.050 5.700
v 30.475 0.050 5.700
v 32.475 0.010 -5.700
v 32.525 0.010 -5.700
v 32.525 0.050 -5.700
v 32.475 0.050 -5.700
v 32.475 0.010 5.700
v 32.525 0.010 5.700
v 32.525 0.050 5.700
v 32.475 0.050 5.700
v 34.475 0.010 -5.700
v 34.525 0.010 -5.700
v 34.525 0.050 -5.700
v 34.475 0.050 -5.700
v 34.475 0.010 5.700
v 34.525 0.010 5.700
v 34.525 0.050 5.700
v 34.475 0.050 5.700
v -36.500 0.000 -6.220
v 36.500 0.000 -6.220
v 36.500 13.000 -6.220
v -36.500 13.000 -6.220
v -36.500 0.000 -5.780
v 36.500 0.000 -5.780
v 36.500 13.000 -5.780
v -36.500 13.000 -5.780
v -36.500 0.000 5.780
v 36.500 0.000 5.780
v 36.500 13.000 5.780
v -36.500 13.000 5.780
v -36.500 0.000 6.220
v 36.500 0.000 6.220
v 36.500 13.000 6.220
v -36.500 13.000 6.220
v -36.500 12.950 -6.000
v 36.500 12.950 -6.000
v 36.500 13.450 -6.000
v -36.500 13.450 -6.000
v -36.500 12.950 6.000
v 36.500 12.950 6.000
v 36.500 13.450 6.000
v -36.500 13.450 6.000
v -35.700 2.600 -6.360
v -33.000 2.600 -6.360
v -33.000 10.200 -6.360
v -35.700 10.200 -6.360
v -35.700 2.600 -6.200
v -33.000 2.600 -6.200
v -33.000 10.200 -6.200
v -35.700 10.200 -6.200
v -35.700 2.600 6.200
v -33.000 2.600 6.200
v -33.000 10.200 6.200
v -35.700 10.200 6.200
v -35.700 2.600 6.360
v -33.000 2.600 6.360
v -33.000 10.200 6.360
v -35.700 10.200 6.360
v -35.790 0.100 -6.450
v -35.790 9.600 -6.450
v -35.804 0.100 -6.381
v -35.804 9.600 -6.381
v -35.843 0.100 -6.323
v -35.843 9.600 -6.323
v -35.901 0.100 -6.284
v -35.901 9.600 -6.284
v -35.970 0.100 -6.270
v -35.970 9.600 -6.270
v -36.039 0.100 -6.284
v -36.039 9.600 -6.284
v -36.097 0.100 -6.323
v -36.097 9.600 -6.323
v -36.136 0.100 -6.381
v -36.136 9.600 -6.381
v -36.150 0.100 -6.450
v -36.150 9.600 -6.450
v -36.136 0.100 -6.519
v -36.136 9.600 -6.519
v -36.097 0.100 -6.577
v -36.097 9.600 -6.577
v -36.039 0.100 -6.616
v -36.039 9.600 -6.616
v -35.970 0.100 -6.630
v -35.970 9.600 -6.630
v -35.901 0.100 -6.616
v -35.901 9.600 -6.616
v -35.843 0.100 -6.577
v -35.843 9.600 -6.577
v -35.804 0.100 -6.519
v -35.804 9.600 -6.519
v -32.550 0.100 -6.450
v -32.550 9.600 -6.450
v -32.564 0.100 -6.381
v -32.564 9.600 -6.381
v -32.603 0.100 -6.323
v -32.603 9.600 -6.323
v -32.661 0.100 -6.284
v -32.661 9.600 -6.284
v -32.730 0.100 -6.270
v -32.730 9.600 -6.270
v -32.799 0.100 -6.284
v -32.799 9.600 -6.284
v -32.857 0.100 -6.323
v -32.857 9.600 -6.323
v -32.896 0.100 -6.381
v -32.896 9.600 -6.381
v -32.910 0.100 -6.450
v -32.910 9.600 -6.450
v -32.896 0.100 -6.519
v -32.896 9.600 -6.519
v -32.857 0.100 -6.577
v -32.857 9.600 -6.577
v -32.799 0.100 -6.616
v -32.799 9.600 -6.616
v -32.730 0.100 -6.630
v -32.730 9.600 -6.630
v -32.661 0.100 -6.616
v -32.661 9.600 -6.616
v -32.603 0.100 -6.577
v -32.603 9.600 -6.577
v -32.564 0.100 -6.519
v -32.564 9.600 -6.519
v -31.450 2.600 -6.360
v -28.750 2.600 -6.360
v -28.750 10.200 -6.360
v -31.450 10.200 -6.360
v -31.450 2.600 -6.200
v -28.750 2.600 -6.200
v -28.750 10.200 -6.200
v -31.450 10.200 -6.200
v -31.450 2.600 6.200
v -28.750 2.600 6.200
v -28.750 10.200 6.200
v -31.450 10.200 6.200
v -31.450 2.600 6.360
v -28.750 2.600 6.360
v -28.750 10.200 6.360
v -31.450 10.200 6.360
v -31.540 0.100 -6.450
v -31.540 9.600 -6.450
v -31.554 0.100 -6.381
v -31.554 9.600 -6.381
v -31.593 0.100 -6.323
v -31.593 9.600 -6.323
v -31.651 0.100 -6.284
v -31.651 9.600 -6.284
v -31.720 0.100 -6.270
v -31.720 9.600 -6.270
v -31.789 0.100 -6.284
v -31.789 9.600 -6.284
v -31.847 0.100 -6.323
v -31.847 9.600 -6.323
v -31.886 0.100 -6.381
v -31.886 9.600 -6.381
v -31.900 0.100 -6.450
v -31.900 9.600 -6.450
v -31.886 0.100 -6.519
v -31.886 9.600 -6.519
v -31.847 0.100 -6.577
v -31.847 9.600 -6.577
v -31.789 0.100 -6.616
v -31.789 9.600 -6.616
v -31.720 0.100 -6.630
v -31.720 9.600 -6.630
v -31.651 0.100 -6.616
v -31.651 9.600 -6.616
v -31.593 0.100 -6.577
v -31.593 9.600 -6.577
v -31.554 0.100 -6.519
v -31.554 9.600 -6.519
v -28.300 0.100 -6.450
v -28.300 9.600 -6.450
v -28.314 0.100 -6.381
v -28.314 9.600 -6.381
v -28.353 0.100 -6.323
v -28.353 9.600 -6.323
v -28.411 0.100 -6.284
v -28.411 9.600 -6.284
v -28.480 0.100 -6.270
v -28.480 9.600 -6.270
v -28.549 0.100 -6.284
v -28.549 9.600 -6.284
v -28.607 0.100 -6.323
v -28.607 9.600 -6.323
v -28.646 0.100 -6.381
v -28.646 9.600 -6.381
v -28.660 0.100 -6.450
v -28.660 9.600 -6.450
v -28.646 0.100 -6.519
v -28.646 9.600 -6.519
v -28.607 0.100 -6.577
v -28.607 9.600 -6.577
v -28.549 0.100 -6.616
v -28.549 9.600 -6.616
v -28.480 0.100 -6.630
v -28.480 9.600 -6.630
v -28.411 0.100 -6.616
v -28.411 9.600 -6.616
v -28.353 0.100 -6.577
v -28.353 9.600 -6.577
v -28.314 0.100 -6.519
v -28.314 9.600 -6.519
v -27.200 2.600 -6.360
v -24.500 2.600 -6.360
v -24.500 10.200 -6.360
v -27.200 10.200 -6.360
v -27.200 2.600 -6.200
v -24.500 2.600 -6.200
v -24.500 10.200 -6.200
v -27.200 10.200 -6.200
v -27.200 2.600 6.200
v -24.500 2.600 6.200
v -24.500 10.200 6.200
v -27.200 10.200 6.200
v -27.200 2.600 6.360
v -24.500 2.600 6.360
v -24.500 10.200 6.360
v -27.200 10.200 6.360
v -27.290 0.100 -6.450
v -27.290 9.600 -6.450
v -27.304 0.100 -6.381
v -27.304 9.600 -6.381
v -27.343 0.100 -6.323
v -27.343 9.600 -6.323
v -27.401 0.100 -6.284
v -27.401 9.600 -6.284
v -27.470 0.100 -6.270
v -27.470 9.600 -6.270
v -27.539 0.100 -6.284
v -27.539 9.600 -6.284
v -27.597 0.100 -6.323
v -27.597 9.600 -6.323
v -27.636 0.100 -6.381
v -27.636 9.600 -6.381
v -27.650 0.100 -6.450
v -27.650 9.600 -6.450
v -27.636 0.100 -6.519
v -27.636 9.600 -6.519
v -27.597 0.100 -6.577
v -27.597 9.600 -6.577
v -27.539 0.100 -6.616
v -27.539 9.600 -6.616
v -27.470 0.100 -6.630
v -27.470 9.600 -6.630
v -27.401 0.100 -6.616
v -27.401 9.600 -6.616
v -27.343 0.100 -6.577
v -27.343 9.600 -6.577
v -27.304 0.100 -6.519
v -27.304 9.600 -6.519
v -24.050 0.100 -6.450
v -24.050 9.600 -6.450
v -24.064 0.100 -6.381
v -24.064 9.600 -6.381
v -24.103 0.100 -6.323
v -24.103 9.600 -6.323
v -24.161 0.100 -6.284
v -24.161 9.600 -6.284
v -24.230 0.100 -6.270
v -24.230 9.600 -6.270
v -24.299 0.100 -6.284
v -24.299 9.600 -6.284
v -24.357 0.100 -6.323
v -24.357 9.600 -6.323
v -24.396 0.100 -6.381
v -24.396 9.600 -6.381
v -24.410 0.100 -6.450
v -24.410 9.600 -6.450
v -24.396 0.100 -6.519
v -24.396 9.600 -6.519
v -24.357 0.100 -6.577
v -24.357 9.600 -6.577
v -24.299 0.100 -6.616
v -24.299 9.600 -6.616
v -24.230 0.100 -6.630
v -24.230 9.600 -6.630
v -24.161 0.100 -6.616
v -24.161 9.600 -6.616
v -24.103 0.100 -6.577
v -24.103 9.600 -6.577
v -24.064 0.100 -6.519
v -24.064 9.600 -6.519
v -22.950 2.600 -6.360
v -20.250 2.600 -6.360
v -20.250 10.200 -6.360
v -22.950 10.200 -6.360
v -22.950 2.600 -6.200
v -20.250 2.600 -6.200
v -20.250 10.200 -6.200
v -22.950 10.200 -6.200
v -22.950 2.600 6.200
v -20.250 2.600 6.200
v -20.250 10.200 6.200
v -22.950 10.200 6.200
v -22.950 2.600 6.360
v -20.250 2.600 6.360
v -20.250 10.200 6.360
v -22.950 10.200 6.360
v -23.040 0.100 -6.450
v -23.040 9.600 -6.450
v -23.054 0.100 -6.381
v -23.054 9.600 -6.381
v -23.093 0.100 -6.323
v -23.093 9.600 -6.323
v -23.151 0.100 -6.284
v -23.151 9.600 -6.284
v -23.220 0.100 -6.270
v -23.220 9.600 -6.270
v -23.289 0.100 -6.284
v -23.289 9.600 -6.284
v -23.347 0.100 -6.323
v -23.347 9.600 -6.323
v -23.386 0.100 -6.381
v -23.386 9.600 -6.381
v -23.400 0.100 -6.450
v -23.400 9.600 -6.450
v -23.386 0.100 -6.519
v -23.386 9.600 -6.519
v -23.347 0.100 -6.577
v -23.347 9.600 -6.577
v -23.289 0.100 -6.616
v -23.289 9.600 -6.616
v -23.220 0.100 -6.630
v -23.220 9.600 -6.630
v -23.151 0.100 -6.616
v -23.151 9.600 -6.616
v -23.093 0.100 -6.577
v -23.093 9.600 -6.577
v -23.054 0.100 -6.519
v -23.054 9.600 -6.519
v -19.800 0.100 -6.450
v -19.800 9.600 -6.450
v -19.814 0.100 -6.381
v -19.814 9.600 -6.381
v -19.853 0.100 -6.323
v -19.853 9.600 -6.323
v -19.911 0.100 -6.284
v -19.911 9.600 -6.284
v -19.980 0.100 -6.270
v -19.980 9.600 -6.270
v -20.049 0.100 -6.284
v -20.049 9.600 -6.284
v -20.107 0.100 -6.323
v -20.107 9.600 -6.323
v -20.146 0.100 -6.381
v -20.146 9.600 -6.381
v -20.160 0.100 -6.450
v -20.160 9.600 -6.450
v -20.146 0.100 -6.519
v -20.146 9.600 -6.519
v -20.107 0.100 -6.577
v -20.107 9.600 -6.577
v -20.049 0.100 -6.616
v -20.049 9.600 -6.616
v -19.980 0.100 -6.630
v -19.980 9.600 -6.630
v -19.911 0.100 -6.616
v -19.911 9.600 -6.616
v -19.853 0.100 -6.577
v -19.853 9.600 -6.577
v -19.814 0.100 -6.519
v -19.814 9.600 -6.519
v -18.700 2.600 -6.360
v -16.000 2.600 -6.360
v -16.000 10.200 -6.360
v -18.700 10.200 -6.360
v -18.700 2.600 -6.200
v -16.000 2.600 -6.200
v -16.000 10.200 -6.200
v -18.700 10.200 -6.200
v -18.700 2.600 6.200
v -16.000 2.600 6.200
v -16.000 10.200 6.200
v -18.700 10.200 6.200
v -18.700 2.600 6.360
v -16.000 2.600 6.360
v -16.000 10.200 6.360
v -18.700 10.200 6.360
v -18.790 0.100 -6.450
v -18.790 9.600 -6.450
v -18.804 0.100 -6.381
v -18.804 9.600 -6.381
v -18.843 0.100 -6.323
v -18.843 9.600 -6.323
v -18.901 0.100 -6.284
v -18.901 9.600 -6.284
v -18.970 0.100 -6.270
v -18.970 9.600 -6.270
v -19.039 0.100 -6.284
v -19.039 9.600 -6.284
v -19.097 0.100 -6.323
v -19.097 9.600 -6.323
v -19.136 0.100 -6.381
v -19.136 9.600 -6.381
v -19.150 0.100 -6.450
v -19.150 9.600 -6.450
v -19.136 0.100 -6.519
v -19.136 9.600 -6.519
v -19.097 0.100 -6.577
v -19.097 9.600 -6.577
v -19.039 0.100 -6.616
v -19.039 9.600 -6.616
v -18.970 0.100 -6.630
v -18.970 9.600 -6.630
v -18.901 0.100 -6.616
v -18.901 9.600 -6.616
v -18.843 0.100 -6.577
v -18.843 9.600 -6.577
v -18.804 0.100 -6.519
v -18.804 9.600 -6.519
v -15.550 0.100 -6.450
v -15.550 9.600 -6.450
v -15.564 0.100 -6.381
v -15.564 9.600 -6.381
v -15.603 0.100 -6.323
v -15.603 9.600 -6.323
v -15.661 0.100 -6.284
v -15.661 9.600 -6.284
v -15.730 0.100 -6.270
v -15.730 9.600 -6.270
v -15.799 0.100 -6.284
v -15.799 9.600 -6.284
v -15.857 0.100 -6.323
v -15.857 9.600 -6.323
v -15.896 0.100 -6.381
v -15.896 9.600 -6.381
v -15.910 0.100 -6.450
v -15.910 9.600 -6.450
v -15.896 0.100 -6.519
v -15.896 9.600 -6.519
v -15.857 0.100 -6.577
v -15.857 9.600 -6.577
v -15.799 0.100 -6.616
v -15.799 9.600 -6.616
v -15.730 0.100 -6.630
v -15.730 9.600 -6.630
v -15.661 0.100 -6.616
v -15.661 9.600 -6.616
v -15.603 0.100 -6.577
v -15.603 9.600 -6.577
v -15.564 0.100 -6.519
v -15.564 9.600 -6.519
v -14.450 2.600 -6.360
v -11.750 2.600 -6.360
v -11.750 10.200 -6.360
v -14.450 10.200 -6.360
v -14.450 2.600 -6.200
v -11.750 2.600 -6.200
v -11.750 10.200 -6.200
v -14.450 10.200 -6.200
v -14.450 2.600 6.200
v -11.750 2.600 6.200
v -11.750 10.200 6.200
v -14.450 10.200 6.200
v -14.450 2.600 6.360
v -11.750 2.600 6.360
v -11.750 10.200 6.360
v -14.450 10.200 6.360
v -14.540 0.100 -6.450
v -14.540 9.600 -6.450
v -14.554 0.100 -6.381
v -14.554 9.600 -6.381
v -14.593 0.100 -6.323
v -14.593 9.600 -6.323
v -14.651 0.100 -6.284
v -14.651 9.600 -6.284
v -14.720 0.100 -6.270
v -14.720 9.600 -6.270
v -14.789 0.100 -6.284
v -14.789 9.600 -6.284
v -14.847 0.100 -6.323
v -14.847 9.600 -6.323
v -14.886 0.100 -6.381
v -14.886 9.600 -6.381
v -14.900 0.100 -6.450
v -14.900 9.600 -6.450
v -14.886 0.100 -6.519
v -14.886 9.600 -6.519
v -14.847 0.100 -6.577
v -14.847 9.600 -6.577
v -14.789 0.100 -6.616
v -14.789 9.600 -6.616
v -14.720 0.100 -6.630
v -14.720 9.600 -6.630
v -14.651 0.100 -6.616
v -14.651 9.600 -6.616
v -14.593 0.100 -6.577
v -14.593 9.600 -6.577
v -14.554 0.100 -6.519
v -14.554 9.600 -6.519
v -11.300 0.100 -6.450
v -11.300 9.600 -6.450
v -11.314 0.100 -6.381
v -11.314 9.600 -6.381
v -11.353 0.100 -6.323
v -11.353 9.600 -6.323
v -11.411 0.100 -6.284
v -11.411 9.600 -6.284
v -11.480 0.100 -6.270
v -11.480 9.600 -6.270
v -11.549 0.100 -6.284
v -11.549 9.600 -6.284
v -11.607 0.100 -6.323
v -11.607 9.600 -6.323
v -11.646 0.100 -6.381
v -11.646 9.600 -6.381
v -11.660 0.100 -6.450
v -11.660 9.600 -6.450
v -11.646 0.100 -6.519
v -11.646 9.600 -6.519
v -11.607 0.100 -6.577
v -11.607 9.600 -6.577
v -11.549 0.100 -6.616
v -11.549 9.600 -6.616
v -11.480 0.100 -6.630
v -11.480 9.600 -6.630
v -11.411 0.100 -6.616
v -11.411 9.600 -6.616
v -11.353 0.100 -6.577
v -11.353 9.600 -6.577
v -11.314 0.100 -6.519
v -11.314 9.600 -6.519
v -10.200 2.600 -6.360
v -7.500 2.600 -6.360
v -7.500 10.200 -6.360
v -10.200 10.200 -6.360
v -10.200 2.600 -6.200
v -7.500 2.600 -6.200
v -7.500 10.200 -6.200
v -10.200 10.200 -6.200
v -10.200 2.600 6.200
v -7.500 2.600 6.200
v -7.500 10.200 6.200
v -10.200 10.200 6.200
v -10.200 2.600 6.360
v -7.500 2.600 6.360
v -7.500 10.200 6.360
v -10.200 10.200 6.360
v -10.290 0.100 -6.450
v -10.290 9.600 -6.450
v -10.304 0.100 -6.381
v -10.304 9.600 -6.381
v -10.343 0.100 -6.323
v -10.343 9.600 -6.323
v -10.401 0.100 -6.284
v -10.401 9.600 -6.284
v -10.470 0.100 -6.270
v -10.470 9.600 -6.270
v -10.539 0.100 -6.284
v -10.539 9.600 -6.284
v -10.597 0.100 -6.323
v -10.597 9.600 -6.323
v -10.636 0.100 -6.381
v -10.636 9.600 -6.381
v -10.650 0.100 -6.450
v -10.650 9.600 -6.450
v -10.636 0.100 -6.519
v -10.636 9.600 -6.519
v -10.597 0.100 -6.577
v -10.597 9.600 -6.577
v -10.539 0.100 -6.616
v -10.539 9.600 -6.616
v -10.470 0.100 -6.630
v -10.470 9.600 -6.630
v -10.401 0.100 -6.616
v -10.401 9.600 -6.616
v -10.343 0.100 -6.577
v -10.343 9.600 -6.577
v -10.304 0.100 -6.519
v -10.304 9.600 -6.519
v -7.050 0.100 -6.450
v -7.050 9.600 -6.450
v -7.064 0.100 -6.381
v -7.064 9.600 -6.381
v -7.103 0.100 -6.323
v -7.103 9.600 -6.323
v -7.161 0.100 -6.284
v -7.161 9.600 -6.284
v -7.230 0.100 -6.270
v -7.230 9.600 -6.270
v -7.299 0.100 -6.284
v -7.299 9.600 -6.284
v -7.357 0.100 -6.323
v -7.357 9.600 -6.323
v -7.396 0.100 -6.381
v -7.396 9.600 -6.381
v -7.410 0.100 -6.450
v -7.410 9.600 -6.450
v -7.396 0.100 -6.519
v -7.396 9.600 -6.519
v -7.357 0.100 -6.577
v -7.357 9.600 -6.577
v -7.299 0.100 -6.616
v -7.299 9.600 -6.616
v -7.230 0.100 -6.630
v -7.230 9.600 -6.630
v -7.161 0.100 -6.616
v -7.161 9.600 -6.616
v -7.103 0.100 -6.577
v -7.103 9.600 -6.577
v -7.064 0.100 -6.519
v -7.064 9.600 -6.519
v -5.950 2.600 -6.360
v -3.250 2.600 -6.360
v -3.250 10.200 -6.360
v -5.950 10.200 -6.360
v -5.950 2.600 -6.200
v -3.250 2.600 -6.200
v -3.250 10.200 -6.200
v -5.950 10.200 -6.200
v -5.950 2.600 6.200
v -3.250 2.600 6.200
v -3.250 10.200 6.200
v -5.950 10.200 6.200
v -5.950 2.600 6.360
v -3.250 2.600 6.360
v -3.250 10.200 6.360
v -5.950 10.200 6.360
v -6.040 0.100 -6.450
v -6.040 9.600 -6.450
v -6.054 0.100 -6.381
v -6.054 9.600 -6.381
v -6.093 0.100 -6.323
v -6.093 9.600 -6.323
v -6.151 0.100 -6.284
v -6.151 9.600 -6.284
v -6.220 0.100 -6.270
v -6.220 9.600 -6.270
v -6.289 0.100 -6.284
v -6.289 9.600 -6.284
v -6.347 0.100 -6.323
v -6.347 9.600 -6.323
v -6.386 0.100 -6.381
v -6.386 9.600 -6.381
v -6.400 0.100 -6.450
v -6.400 9.600 -6.450
v -6.386 0.100 -6.519
v -6.386 9.600 -6.519
v -6.347 0.100 -6.577
v -6.347 9.600 -6.577
v -6.289 0.100 -6.616
v -6.289 9.600 -6.616
v -6.220 0.100 -6.630
v -6.220 9.600 -6.630
v -6.151 0.100 -6.616
v -6.151 9.600 -6.616
v -6.093 0.100 -6.577
v -6.093 9.600 -6.577
v -6.054 0.100 -6.519
v -6.054 9.600 -6.519
v -2.800 0.100 -6.450
v -2.800 9.600 -6.450
v -2.814 0.100 -6.381
v -2.814 9.600 -6.381
v -2.853 0.100 -6.323
v -2.853 9.600 -6.323
v -2.911 0.100 -6.284
v -2.911 9.600 -6.284
v -2.980 0.100 -6.270
v -2.980 9.600 -6.270
v -3.049 0.100 -6.284
v -3.049 9.600 -6.284
v -3.107 0.100 -6.323
v -3.107 9.600 -6.323
v -3.146 0.100 -6.381
v -3.146 9.600 -6.381
v -3.160 0.100 -6.450
v -3.160 9.600 -6.450
v -3.146 0.100 -6.519
v -3.146 9.600 -6.519
v -3.107 0.100 -6.577
v -3.107 9.600 -6.577
v -3.049 0.100 -6.616
v -3.049 9.600 -6.616
v -2.980 0.100 -6.630
v -2.980 9.600 -6.630
v -2.911 0.100 -6.616
v -2.911 9.600 -6.616
v -2.853 0.100 -6.577
v -2.853 9.600 -6.577
v -2.814 0.100 -6.519
v -2.814 9.600 -6.519
v -1.700 2.600 -6.360
v 1.000 2.600 -6.360
v 1.000 10.200 -6.360
v -1.700 10.200 -6.360
v -1.700 2.600 -6.200
v 1.000 2.600 -6.200
v 1.000 10.200 -6.200
v -1.700 10.200 -6.200
v -1.700 2.600 6.200
v 1.000 2.600 6.200
v 1.000 10.200 6.200
v -1.700 10.200 6.200
v -1.700 2.600 6.360
v 1.000 2.600 6.360
v 1.000 10.200 6.360
v -1.700 10.200 6.360
v -1.790 0.100 -6.450
v -1.790 9.600 -6.450
v -1.804 0.100 -6.381
v -1.804 9.600 -6.381
v -1.843 0.100 -6.323
v -1.843 9.600 -6.323
v -1.901 0.100 -6.284
v -1.901 9.600 -6.284
v -1.970 0.100 -6.270
v -1.970 9.600 -6.270
v -2.039 0.100 -6.284
v -2.039 9.600 -6.284
v -2.097 0.100 -6.323
v -2.097 9.600 -6.323
v -2.136 0.100 -6.381
v -2.136 9.600 -6.381
v -2.150 0.100 -6.450
v -2.150 9.600 -6.450
v -2.136 0.100 -6.519
v -2.136 9.600 -6.519
v -2.097 0.100 -6.577
v -2.097 9.600 -6.577
v -2.039 0.100 -6.616
v -2.039 9.600 -6.616
v -1.970 0.100 -6.630
v -1.970 9.600 -6.630
v -1.901 0.100 -6.616
v -1.901 9.600 -6.616
v -1.843 0.100 -6.577
v -1.843 9.600 -6.577
v -1.804 0.100 -6.519
v -1.804 9.600 -6.519
v 1.450 0.100 -6.450
v 1.450 9.600 -6.450
v 1.436 0.100 -6.381
v 1.436 9.600 -6.381
v 1.397 0.100 -6.323
v 1.397 9.600 -6.323
v 1.339 0.100 -6.284
v 1.339 9.600 -6.284
v 1.270 0.100 -6.270
v 1.270 9.600 -6.270
v 1.201 0.100 -6.284
v 1.201 9.600 -6.284
v 1.143 0.100 -6.323
v 1.143 9.600 -6.323
v 1.104 0.100 -6.381
v 1.104 9.600 -6.381
v 1.090 0.100 -6.450
v 1.090 9.600 -6.450
v 1.104 0.100 -6.519
v 1.104 9.600 -6.519
v 1.143 0.100 -6.577
v 1.143 9.600 -6.577
v 1.201 0.100 -6.616
v 1.201 9.600 -6.616
v 1.270 0.100 -6.630
v 1.270 9.600 -6.630
v 1.339 0.100 -6.616
v 1.339 9.600 -6.616
v 1.397 0.100 -6.577
v 1.397 9.600 -6.577
v 1.436 0.100 -6.519
v 1.436 9.600 -6.519
v 2.550 2.600 -6.360
v 5.250 2.600 -6.360
v 5.250 10.200 -6.360
v 2.550 10.200 -6.360
v 2.550 2.600 -6.200
v 5.250 2.600 -6.200
v 5.250 10.200 -6.200
v 2.550 10.200 -6.200
v 2.550 2.600 6.200
v 5.250 2.600 6.200
v 5.250 10.200 6.200
v 2.550 10.200 6.200
v 2.550 2.600 6.360
v 5.250 2.600 6.360
v 5.250 10.200 6.360
v 2.550 10.200 6.360
v 2.460 0.100 -6.450
v 2.460 9.600 -6.450
v 2.446 0.100 -6.381
v 2.446 9.600 -6.381
v 2.407 0.100 -6.323
v 2.407 9.600 -6.323
v 2.349 0.100 -6.284
v 2.349 9.600 -6.284
v 2.280 0.100 -6.270
v 2.280 9.600 -6.270
v 2.211 0.100 -6.284
v 2.211 9.600 -6.284
v 2.153 0.100 -6.323
v 2.153 9.600 -6.323
v 2.114 0.100 -6.381
v 2.114 9.600 -6.381
v 2.100 0.100 -6.450
v 2.100 9.600 -6.450
v 2.114 0.100 -6.519
v 2.114 9.600 -6.519
v 2.153 0.100 -6.577
v 2.153 9.600 -6.577
v 2.211 0.100 -6.616
v 2.211 9.600 -6.616
v 2.280 0.100 -6.630
v 2.280 9.600 -6.630
v 2.349 0.100 -6.616
v 2.349 9.600 -6.616
v 2.407 0.100 -6.577
v 2.407 9.600 -6.577
v 2.446 0.100 -6.519
v 2.446 9.600 -6.519
v 5.700 0.100 -6.450
v 5.700 9.600 -6.450
v 5.686 0.100 -6.381
v 5.686 9.600 -6.381
v 5.647 0.100 -6.323
v 5.647 9.600 -6.323
v 5.589 0.100 -6.284
v 5.589 9.600 -6.284
v 5.520 0.100 -6.270
v 5.520 9.600 -6.270
v 5.451 0.100 -6.284
v 5.451 9.600 -6.284
v 5.393 0.100 -6.323
v 5.393 9.600 -6.323
v 5.354 0.100 -6.381
v 5.354 9.600 -6.381
v 5.340 0.100 -6.450
v 5.340 9.600 -6.450
v 5.354 0.100 -6.519
v 5.354 9.600 -6.519
v 5.393 0.100 -6.577
v 5.393 9.600 -6.577
v 5.451 0.100 -6.616
v 5.451 9.600 -6.616
v 5.520 0.100 -6.630
v 5.520 9.600 -6.630
v 5.589 0.100 -6.616
v 5.589 9.600 -6.616
v 5.647 0.100 -6.577
v 5.647 9.600 -6.577
v 5.686 0.100 -6.519
v 5.686 9.600 -6.519
v 6.800 2.600 -6.360
v 9.500 2.600 -6.360
v 9.500 10.200 -6.360
v 6.800 10.200 -6.360
v 6.800 2.600 -6.200
v 9.500 2.600 -6.200
v 9.500 10.200 -6.200
v 6.800 10.200 -6.200
v 6.800 2.600 6.200
v 9.500 2.600 6.200
v 9.500 10.200 6.200
v 6.800 10.200 6.200
v 6.800 2.600 6.360
v 9.500 2.600 6.360
v 9.500 10.200 6.360
v 6.800 10.200 6.360
v 6.710 0.100 -6.450
v 6.710 9.600 -6.450
v 6.696 0.100 -6.381
v 6.696 9.600 -6.381
v 6.657 0.100 -6.323
v 6.657 9.600 -6.323
v 6.599 0.100 -6.284
v 6.599 9.600 -6.284
v 6.530 0.100 -6.270
v 6.530 9.600 -6.270
v 6.461 0.100 -6.284
v 6.461 9.600 -6.284
v 6.403 0.100 -6.323
v 6.403 9.600 -6.323
v 6.364 0.100 -6.381
v 6.364 9.600 -6.381
v 6.350 0.100 -6.450
v 6.350 9.600 -6.450
v 6.364 0.100 -6.519
v 6.364 9.600 -6.519
v 6.403 0.100 -6.577
v 6.403 9.600 -6.577
v 6.461 0.100 -6.616
v 6.461 9.600 -6.616
v 6.530 0.100 -6.630
v 6.530 9.600 -6.630
v 6.599 0.100 -6.616
v 6.599 9.600 -6.616
v 6.657 0.100 -6.577
v 6.657 9.600 -6.577
v 6.696 0.100 -6.519
v 6.696 9.600 -6.519
v 9.950 0.100 -6.450
v 9.950 9.600 -6.450
v 9.936 0.100 -6.381
v 9.936 9.600 -6.381
v 9.897 0.100 -6.323
v 9.897 9.600 -6.323
v 9.839 0.100 -6.284
v 9.839 9.600 -6.284
v 9.770 0.100 -6.270
v 9.770 9.600 -6.270
v 9.701 0.100 -6.284
v 9.701 9.600 -6.284
v 9.643 0.100 -6.323
v 9.643 9.600 -6.323
v 9.604 0.100 -6.381
v 9.604 9.600 -6.381
v 9.590 0.100 -6.450
v 9.590 9.600 -6.450
v 9.604 0.100 -6.519
v 9.604 9.600 -6.519
v 9.643 0.100 -6.577
v 9.643 9.600 -6.577
v 9.701 0.100 -6.616
v 9.701 9.600 -6.616
v 9.770 0.100 -6.630
v 9.770 9.600 -6.630
v 9.839 0.100 -6.616
v 9.839 9.600 -6.616
v 9.897 0.100 -6.577
v 9.897 9.600 -6.577
v 9.936 0.100 -6.519
v 9.936 9.600 -6.519
v 11.050 2.600 -6.360
v 13.750 2.600 -6.360
v 13.750 10.200 -6.360
v 11.050 10.200 -6.360
v 11.050 2.600 -6.200
v 13.750 2.600 -6.200
v 13.750 10.200 -6.200
v 11.050 10.200 -6.200
v 11.050 2.600 6.200
v 13.750 2.600 6.200
v 13.750 10.200 6.200
v 11.050 10.200 6.200
v 11.050 2.600 6.360
v 13.750 2.600 6.360
v 13.750 10.200 6.360
v 11.050 10.200 6.360
v 10.960 0.100 -6.450
v 10.960 9.600 -6.450
v 10.946 0.100 -6.381
v 10.946 9.600 -6.381
v 10.907 0.100 -6.323
v 10.907 9.600 -6.323
v 10.849 0.100 -6.284
v 10.849 9.600 -6.284
v 10.780 0.100 -6.270
v 10.780 9.600 -6.270
v 10.711 0.100 -6.284
v 10.711 9.600 -6.284
v 10.653 0.100 -6.323
v 10.653 9.600 -6.323
v 10.614 0.100 -6.381
v 10.614 9.600 -6.381
v 10.600 0.100 -6.450
v 10.600 9.600 -6.450
v 10.614 0.100 -6.519
v 10.614 9.600 -6.519
v 10.653 0.100 -6.577
v 10.653 9.600 -6.577
v 10.711 0.100 -6.616
v 10.711 9.600 -6.616
v 10.780 0.100 -6.630
v 10.780 9.600 -6.630
v 10.849 0.100 -6.616
v 10.849 9.600 -6.616
v 10.907 0.100 -6.577
v 10.907 9.600 -6.577
v 10.946 0.100 -6.519
v 10.946 9.600 -6.519
v 14.200 0.100 -6.450
v 14.200 9.600 -6.450
v 14.186 0.100 -6.381
v 14.186 9.600 -6.381
v 14.147 0.100 -6.323
v 14.147 9.600 -6.323
v 14.089 0.100 -6.284
v 14.089 9.600 -6.284
v 14.020 0.100 -6.270
v 14.020 9.600 -6.270
v 13.951 0.100 -6.284
v 13.951 9.600 -6.284
v 13.893 0.100 -6.323
v 13.893 9.600 -6.323
v 13.854 0.100 -6.381
v 13.854 9.600 -6.381
v 13.840 0.100 -6.450
v 13.840 9.600 -6.450
v 13.854 0.100 -6.519
v 13.854 9.600 -6.519
v 13.893 0.100 -6.577
v 13.893 9.600 -6.577
v 13.951 0.100 -6.616
v 13.951 9.600 -6.616
v 14.020 0.100 -6.630
v 14.020 9.600 -6.630
v 14.089 0.100 -6.616
v 14.089 9.600 -6.616
v 14.147 0.100 -6.577
v 14.147 9.600 -6.577
v 14.186 0.100 -6.519
v 14.186 9.600 -6.519
v 15.300 2.600 -6.360
v 18.000 2.600 -6.360
v 18.000 10.200 -6.360
v 15.300 10.200 -6.360
v 15.300 2.600 -6.200
v 18.000 2.600 -6.200
v 18.000 10.200 -6.200
v 15.300 10.200 -6.200
v 15.300 2.600 6.200
v 18.000 2.600 6.200
v 18.000 10.200 6.200
v 15.300 10.200 6.200
v 15.300 2.600 6.360
v 18.000 2.600 6.360
v 18.000 10.200 6.360
v 15.300 10.200 6.360
v 15.210 0.100 -6.450
v 15.210 9.600 -6.450
v 15.196 0.100 -6.381
v 15.196 9.600 -6.381
v 15.157 0.100 -6.323
v 15.157 9.600 -6.323
v 15.099 0.100 -6.284
v 15.099 9.600 -6.284
v 15.030 0.100 -6.270
v 15.030 9.600 -6.270
v 14.961 0.100 -6.284
v 14.961 9.600 -6.284
v 14.903 0.100 -6.323
v 14.903 9.600 -6.323
v 14.864 0.100 -6.381
v 14.864 9.600 -6.381
v 14.850 0.100 -6.450
v 14.850 9.600 -6.450
v 14.864 0.100 -6.519
v 14.864 9.600 -6.519
v 14.903 0.100 -6.577
v 14.903 9.600 -6.577
v 14.961 0.100 -6.616
v 14.961 9.600 -6.616
v 15.030 0.100 -6.630
v 15.030 9.600 -6.630
v 15.099 0.100 -6.616
v 15.099 9.600 -6.616
v 15.157 0.100 -6.577
v 15.157 9.600 -6.577
v 15.196 0.100 -6.519
v 15.196 9.600 -6.519
v 18.450 0.100 -6.450
v 18.450 9.600 -6.450
v 18.436 0.100 -6.381
v 18.436 9.600 -6.381
v 18.397 0.100 -6.323
v 18.397 9.600 -6.323
v 18.339 0.100 -6.284
v 18.339 9.600 -6.284
v 18.270 0.100 -6.270
v 18.270 9.600 -6.270
v 18.201 0.100 -6.284
v 18.201 9.600 -6.284
v 18.143 0.100 -6.323
v 18.143 9.600 -6.323
v 18.104 0.100 -6.381
v 18.104 9.600 -6.381
v 18.090 0.100 -6.450
v 18.090 9.600 -6.450
v 18.104 0.100 -6.519
v 18.104 9.600 -6.519
v 18.143 0.100 -6.577
v 18.143 9.600 -6.577
v 18.201 0.100 -6.616
v 18.201 9.600 -6.616
v 18.270 0.100 -6.630
v 18.270 9.600 -6.630
v 18.339 0.100 -6.616
v 18.339 9.600 -6.616
v 18.397 0.100 -6.577
v 18.397 9.600 -6.577
v 18.436 0.100 -6.519
v 18.436 9.600 -6.519
v 19.550 2.600 -6.360
v 22.250 2.600 -6.360
v 22.250 10.200 -6.360
v 19.550 10.200 -6.360
v 19.550 2.600 -6.200
v 22.250 2.600 -6.200
v 22.250 10.200 -6.200
v 19.550 10.200 -6.200
v 19.550 2.600 6.200
v 22.250 2.600 6.200
v 22.250 10.200 6.200
v 19.550 10.200 6.200
v 19.550 2.600 6.360
v 22.250 2.600 6.360
v 22.250 10.200 6.360
v 19.550 10.200 6.360
v 19.460 0.100 -6.450
v 19.460 9.600 -6.450
v 19.446 0.100 -6.381
v 19.446 9.600 -6.381
v 19.407 0.100 -6.323
v 19.407 9.600 -6.323
v 19.349 0.100 -6.284
v 19.349 9.600 -6.284
v 19.280 0.100 -6.270
v 19.280 9.600 -6.270
v 19.211 0.100 -6.284
v 19.211 9.600 -6.284
v 19.153 0.100 -6.323
v 19.153 9.600 -6.323
v 19.114 0.100 -6.381
v 19.114 9.600 -6.381
v 19.100 0.100 -6.450
v 19.100 9.600 -6.450
v 19.114 0.100 -6.519
v 19.114 9.600 -6.519
v 19.153 0.100 -6.577
v 19.153 9.600 -6.577
v 19.211 0.100 -6.616
v 19.211 9.600 -6.616
v 19.280 0.100 -6.630
v 19.280 9.600 -6.630
v 19.349 0.100 -6.616
v 19.349 9.600 -6.616
v 19.407 0.100 -6.577
v 19.407 9.600 -6.577
v 19.446 0.100 -6.519
v 19.446 9.600 -6.519
v 22.700 0.100 -6.450
v 22.700 9.600 -6.450
v 22.686 0.100 -6.381
v 22.686 9.600 -6.381
v 22.647 0.100 -6.323
v 22.647 9.600 -6.323
v 22.589 0.100 -6.284
v 22.589 9.600 -6.284
v 22.520 0.100 -6.270
v 22.520 9.600 -6.270
v 22.451 0.100 -6.284
v 22.451 9.600 -6.284
v 22.393 0.100 -6.323
v 22.393 9.600 -6.323
v 22.354 0.100 -6.381
v 22.354 9.600 -6.381
v 22.340 0.100 -6.450
v 22.340 9.600 -6.450
v 22.354 0.100 -6.519
v 22.354 9.600 -6.519
v 22.393 0.100 -6.577
v 22.393 9.600 -6.577
v 22.451 0.100 -6.616
v 22.451 9.600 -6.616
v 22.520 0.100 -6.630
v 22.520 9.600 -6.630
v 22.589 0.100 -6.616
v 22.589 9.600 -6.616
v 22.647 0.100 -6.577
v 22.647 9.600 -6.577
v 22.686 0.100 -6.519
v 22.686 9.600 -6.519
v 23.800 2.600 -6.360
v 26.500 2.600 -6.360
v 26.500 10.200 -6.360
v 23.800 10.200 -6.360
v 23.800 2.600 -6.200
v 26.500 2.600 -6.200
v 26.500 10.200 -6.200
v 23.800 10.200 -6.200
v 23.800 2.600 6.200
v 26.500 2.600 6.200
v 26.500 10.200 6.200
v 23.800 10.200 6.200
v 23.800 2.600 6.360
v 26.500 2.600 6.360
v 26.500 10.200 6.360
v 23.800 10.200 6.360
v 23.710 0.100 -6.450
v 23.710 9.600 -6.450
v 23.696 0.100 -6.381
v 23.696 9.600 -6.381
v 23.657 0.100 -6.323
v 23.657 9.600 -6.323
v 23.599 0.100 -6.284
v 23.599 9.600 -6.284
v 23.530 0.100 -6.270
v 23.530 9.600 -6.270
v 23.461 0.100 -6.284
v 23.461 9.600 -6.284
v 23.403 0.100 -6.323
v 23.403 9.600 -6.323
v 23.364 0.100 -6.381
v 23.364 9.600 -6.381
v 23.350 0.100 -6.450
v 23.350 9.600 -6.450
v 23.364 0.100 -6.519
v 23.364 9.600 -6.519
v 23.403 0.100 -6.577
v 23.403 9.600 -6.577
v 23.461 0.100 -6.616
v 23.461 9.600 -6.616
v 23.530 0.100 -6.630
v 23.530 9.600 -6.630
v 23.599 0.100 -6.616
v 23.599 9.600 -6.616
v 23.657 0.100 -6.577
v 23.657 9.600 -6.577
v 23.696 0.100 -6.519
v 23.696 9.600 -6.519
v 26.950 0.100 -6.450
v 26.950 9.600 -6.450
v 26.936 0.100 -6.381
v 26.936 9.600 -6.381
v 26.897 0.100 -6.323
v 26.897 9.600 -6.323
v 26.839 0.100 -6.284
v 26.839 9.600 -6.284
v 26.770 0.100 -6.270
v 26.770 9.600 -6.270
v 26.701 0.100 -6.284
v 26.701 9.600 -6.284
v 26.643 0.100 -6.323
v 26.643 9.600 -6.323
v 26.604 0.100 -6.381
v 26.604 9.600 -6.381
v 26.590 0.100 -6.450
v 26.590 9.600 -6.450
v 26.604 0.100 -6.519
v 26.604 9.600 -6.519
v 26.643 0.100 -6.577
v 26.643 9.600 -6.577
v 26.701 0.100 -6.616
v 26.701 9.600 -6.616
v 26.770 0.100 -6.630
v 26.770 9.600 -6.630
v 26.839 0.100 -6.616
v 26.839 9.600 -6.616
v 26.897 0.100 -6.577
v 26.897 9.600 -6.577
v 26.936 0.100 -6.519
v 26.936 9.600 -6.519
v 28.050 2.600 -6.360
v 30.750 2.600 -6.360
v 30.750 10.200 -6.360
v 28.050 10.200 -6.360
v 28.050 2.600 -6.200
v 30.750 2.600 -6.200
v 30.750 10.200 -6.200
v 28.050 10.200 -6.200
v 28.050 2.600 6.200
v 30.750 2.600 6.200
v 30.750 10.200 6.200
v 28.050 10.200 6.200
v 28.050 2.600 6.360
v 30.750 2.600 6.360
v 30.750 10.200 6.360
v 28.050 10.200 6.360
v 27.960 0.100 -6.450
v 27.960 9.600 -6.450
v 27.946 0.100 -6.381
v 27.946 9.600 -6.381
v 27.907 0.100 -6.323
v 27.907 9.600 -6.323
v 27.849 0.100 -6.284
v 27.849 9.600 -6.284
v 27.780 0.100 -6.270
v 27.780 9.600 -6.270
v 27.711 0.100 -6.284
v 27.711 9.600 -6.284
v 27.653 0.100 -6.323
v 27.653 9.600 -6.323
v 27.614 0.100 -6.381
v 27.614 9.600 -6.381
v 27.600 0.100 -6.450
v 27.600 9.600 -6.450
v 27.614 0.100 -6.519
v 27.614 9.600 -6.519
v 27.653 0.100 -6.577
v 27.653 9.600 -6.577
v 27.711 0.100 -6.616
v 27.711 9.600 -6.616
v 27.780 0.100 -6.630
v 27.780 9.600 -6.630
v 27.849 0.100 -6.616
v 27.849 9.600 -6.616
v 27.907 0.100 -6.577
v 27.907 9.600 -6.577
v 27.946 0.100 -6.519
v 27.946 9.600 -6.519
v 31.200 0.100 -6.450
v 31.200 9.600 -6.450
v 31.186 0.100 -6.381
v 31.186 9.600 -6.381
v 31.147 0.100 -6.323
v 31.147 9.600 -6.323
v 31.089 0.100 -6.284
v 31.089 9.600 -6.284
v 31.020 0.100 -6.270
v 31.020 9.600 -6.270
v 30.951 0.100 -6.284
v 30.951 9.600 -6.284
v 30.893 0.100 -6.323
v 30.893 9.600 -6.323
v 30.854 0.100 -6.381
v 30.854 9.600 -6.381
v 30.840 0.100 -6.450
v 30.840 9.600 -6.450
v 30.854 0.100 -6.519
v 30.854 9.600 -6.519
v 30.893 0.100 -6.577
v 30.893 9.600 -6.577
v 30.951 0.100 -6.616
v 30.951 9.600 -6.616
v 31.020 0.100 -6.630
v 31.020 9.600 -6.630
v 31.089 0.100 -6.616
v 31.089 9.600 -6.616
v 31.147 0.100 -6.577
v 31.147 9.600 -6.577
v 31.186 0.100 -6.519
v 31.186 9.600 -6.519
v 32.300 2.600 -6.360
v 35.000 2.600 -6.360
v 35.000 10.200 -6.360
v 32.300 10.200 -6.360
v 32.300 2.600 -6.200
v 35.000 2.600 -6.200
v 35.000 10.200 -6.200
v 32.300 10.200 -6.200
v 32.300 2.600 6.200
v 35.000 2.600 6.200
v 35.000 10.200 6.200
v 32.300 10.200 6.200
v 32.300 2.600 6.360
v 35.000 2.600 6.360
v 35.000 10.200 6.360
v 32.300 10.200 6.360
v 32.210 0.100 -6.450
v 32.210 9.600 -6.450
v 32.196 0.100 -6.381
v 32.196 9.600 -6.381
v 32.157 0.100 -6.323
v 32.157 9.600 -6.323
v 32.099 0.100 -6.284
v 32.099 9.600 -6.284
v 32.030 0.100 -6.270
v 32.030 9.600 -6.270
v 31.961 0.100 -6.284
v 31.961 9.600 -6.284
v 31.903 0.100 -6.323
v 31.903 9.600 -6.323
v 31.864 0.100 -6.381
v 31.864 9.600 -6.381
v 31.850 0.100 -6.450
v 31.850 9.600 -6.450
v 31.864 0.100 -6.519
v 31.864 9.600 -6.519
v 31.903 0.100 -6.577
v 31.903 9.600 -6.577
v 31.961 0.100 -6.616
v 31.961 9.600 -6.616
v 32.030 0.100 -6.630
v 32.030 9.600 -6.630
v 32.099 0.100 -6.616
v 32.099 9.600 -6.616
v 32.157 0.100 -6.577
v 32.157 9.600 -6.577
v 32.196 0.100 -6.519
v 32.196 9.600 -6.519
v 35.450 0.100 -6.450
v 35.450 9.600 -6.450
v 35.436 0.100 -6.381
v 35.436 9.600 -6.381
v 35.397 0.100 -6.323
v 35.397 9.600 -6.323
v 35.339 0.100 -6.284
v 35.339 9.600 -6.284
v 35.270 0.100 -6.270
v 35.270 9.600 -6.270
v 35.201 0.100 -6.284
v 35.201 9.600 -6.284
v 35.143 0.100 -6.323
v 35.143 9.600 -6.323
v 35.104 0.100 -6.381
v 35.104 9.600 -6.381
v 35.090 0.100 -6.450
v 35.090 9.600 -6.450
v 35.104 0.100 -6.519
v 35.104 9.600 -6.519
v 35.143 0.100 -6.577
v 35.143 9.600 -6.577
v 35.201 0.100 -6.616
v 35.201 9.600 -6.616
v 35.270 0.100 -6.630
v 35.270 9.600 -6.630
v 35.339 0.100 -6.616
v 35.339 9.600 -6.616
v 35.397 0.100 -6.577
v 35.397 9.600 -6.577
v 35.436 0.100 -6.519
v 35.436 9.600 -6.519
v -31.420 11.000 0.000
v -31.420 12.300 0.000
v -31.435 11.000 0.047
v -31.435 12.300 0.047
v -31.475 11.000 0.076
v -31.475 12.300 0.076
v -31.525 11.000 0.076
v -31.525 12.300 0.076
v -31.565 11.000 0.047
v -31.565 12.300 0.047
v -31.580 11.000 0.000
v -31.580 12.300 0.000
v -31.565 11.000 -0.047
v -31.565 12.300 -0.047
v -31.525 11.000 -0.076
v -31.525 12.300 -0.076
v -31.475 11.000 -0.076
v -31.475 12.300 -0.076
v -31.435 11.000 -0.047
v -31.435 12.300 -0.047
v -30.700 10.600 0.000
v -30.700 10.780 0.000
v -30.739 10.600 0.247
v -30.739 10.780 0.247
v -30.853 10.600 0.470
v -30.853 10.780 0.470
v -31.030 10.600 0.647
v -31.030 10.780 0.647
v -31.253 10.600 0.761
v -31.253 10.780 0.761
v -31.500 10.600 0.800
v -31.500 10.780 0.800
v -31.747 10.600 0.761
v -31.747 10.780 0.761
v -31.970 10.600 0.647
v -31.970 10.780 0.647
v -32.147 10.600 0.470
v -32.147 10.780 0.470
v -32.261 10.600 0.247
v -32.261 10.780 0.247
v -32.300 10.600 0.000
v -32.300 10.780 0.000
v -32.261 10.600 -0.247
v -32.261 10.780 -0.247
v -32.147 10.600 -0.470
v -32.147 10.780 -0.470
v -31.970 10.600 -0.647
v -31.970 10.780 -0.647
v -31.747 10.600 -0.761
v -31.747 10.780 -0.761
v -31.500 10.600 -0.800
v -31.500 10.780 -0.800
v -31.253 10.600 -0.761
v -31.253 10.780 -0.761
v -31.030 10.600 -0.647
v -31.030 10.780 -0.647
v -30.853 10.600 -0.470
v -30.853 10.780 -0.470
v -30.739 10.600 -0.247
v -30.739 10.780 -0.247
v -30.740 11.100 0.000
v -30.740 11.500 0.000
v -30.758 11.100 0.042
v -30.758 11.500 0.042
v -30.800 11.100 0.060
v -30.800 11.500 0.060
v -30.842 11.100 0.042
v -30.842 11.500 0.042
v -30.860 11.100 0.000
v -30.860 11.500 0.000
v -30.842 11.100 -0.042
v -30.842 11.500 -0.042
v -30.800 11.100 -0.060
v -30.800 11.500 -0.060
v -30.758 11.100 -0.042
v -30.758 11.500 -0.042
v -30.945 11.100 0.495
v -30.945 11.500 0.495
v -30.963 11.100 0.537
v -30.963 11.500 0.537
v -31.005 11.100 0.555
v -31.005 11.500 0.555
v -31.047 11.100 0.537
v -31.047 11.500 0.537
v -31.065 11.100 0.495
v -31.065 11.500 0.495
v -31.047 11.100 0.453
v -31.047 11.500 0.453
v -31.005 11.100 0.435
v -31.005 11.500 0.435
v -30.963 11.100 0.453
v -30.963 11.500 0.453
v -31.440 11.100 0.700
v -31.440 11.500 0.700
v -31.458 11.100 0.742
v -31.458 11.500 0.742
v -31.500 11.100 0.760
v -31.500 11.500 0.760
v -31.542 11.100 0.742
v -31.542 11.500 0.742
v -31.560 11.100 0.700
v -31.560 11.500 0.700
v -31.542 11.100 0.658
v -31.542 11.500 0.658
v -31.500 11.100 0.640
v -31.500 11.500 0.640
v -31.458 11.100 0.658
v -31.458 11.500 0.658
v -31.935 11.100 0.495
v -31.935 11.500 0.495
v -31.953 11.100 0.537
v -31.953 11.500 0.537
v -31.995 11.100 0.555
v -31.995 11.500 0.555
v -32.037 11.100 0.537
v -32.037 11.500 0.537
v -32.055 11.100 0.495
v -32.055 11.500 0.495
v -32.037 11.100 0.453
v -32.037 11.500 0.453
v -31.995 11.100 0.435
v -31.995 11.500 0.435
v -31.953 11.100 0.453
v -31.953 11.500 0.453
v -32.140 11.100 0.000
v -32.140 11.500 0.000
v -32.158 11.100 0.042
v -32.158 11.500 0.042
v -32.200 11.100 0.060
v -32.200 11.500 0.060
v -32.242 11.100 0.042
v -32.242 11.500 0.042
v -32.260 11.100 0.000
v -32.260 11.500 0.000
v -32.242 11.100 -0.042
v -32.242 11.500 -0.042
v -32.200 11.100 -0.060
v -32.200 11.500 -0.060
v -32.158 11.100 -0.042
v -32.158 11.500 -0.042
v -31.935 11.100 -0.495
v -31.935 11.500 -0.495
v -31.953 11.100 -0.453
v -31.953 11.500 -0.453
v -31.995 11.100 -0.435
v -31.995 11.500 -0.435
v -32.037 11.100 -0.453
v -32.037 11.500 -0.453
v -32.055 11.100 -0.495
v -32.055 11.500 -0.495
v -32.037 11.100 -0.537
v -32.037 11.500 -0.537
v -31.995 11.100 -0.555
v -31.995 11.500 -0.555
v -31.953 11.100 -0.537
v -31.953 11.500 -0.537
v -31.440 11.100 -0.700
v -31.440 11.500 -0.700
v -31.458 11.100 -0.658
v -31.458 11.500 -0.658
v -31.500 11.100 -0.640
v -31.500 11.500 -0.640
v -31.542 11.100 -0.658
v -31.542 11.500 -0.658
v -31.560 11.100 -0.700
v -31.560 11.500 -0.700
v -31.542 11.100 -0.742
v -31.542 11.500 -0.742
v -31.500 11.100 -0.760
v -31.500 11.500 -0.760
v -31.458 11.100 -0.742
v -31.458 11.500 -0.742
v -30.945 11.100 -0.495
v -30.945 11.500 -0.495
v -30.963 11.100 -0.453
v -30.963 11.500 -0.453
v -31.005 11.100 -0.435
v -31.005 11.500 -0.435
v -31.047 11.100 -0.453
v -31.047 11.500 -0.453
v -31.065 11.100 -0.495
v -31.065 11.500 -0.495
v -31.047 11.100 -0.537
v -31.047 11.500 -0.537
v -31.005 11.100 -0.555
v -31.005 11.500 -0.555
v -30.963 11.100 -0.537
v -30.963 11.500 -0.537
v -21.020 11.000 0.000
v -21.020 12.300 0.000
v -21.035 11.000 0.047
v -21.035 12.300 0.047
v -21.075 11.000 0.076
v -21.075 12.300 0.076
v -21.125 11.000 0.076
v -21.125 12.300 0.076
v -21.165 11.000 0.047
v -21.165 12.300 0.047
v -21.180 11.000 0.000
v -21.180 12.300 0.000
v -21.165 11.000 -0.047
v -21.165 12.300 -0.047
v -21.125 11.000 -0.076
v -21.125 12.300 -0.076
v -21.075 11.000 -0.076
v -21.075 12.300 -0.076
v -21.035 11.000 -0.047
v -21.035 12.300 -0.047
v -20.300 10.600 0.000
v -20.300 10.780 0.000
v -20.339 10.600 0.247
v -20.339 10.780 0.247
v -20.453 10.600 0.470
v -20.453 10.780 0.470
v -20.630 10.600 0.647
v -20.630 10.780 0.647
v -20.853 10.600 0.761
v -20.853 10.780 0.761
v -21.100 10.600 0.800
v -21.100 10.780 0.800
v -21.347 10.600 0.761
v -21.347 10.780 0.761
v -21.570 10.600 0.647
v -21.570 10.780 0.647
v -21.747 10.600 0.470
v -21.747 10.780 0.470
v -21.861 10.600 0.247
v -21.861 10.780 0.247
v -21.900 10.600 0.000
v -21.900 10.780 0.000
v -21.861 10.600 -0.247
v -21.861 10.780 -0.247
v -21.747 10.600 -0.470
v -21.747 10.780 -0.470
v -21.570 10.600 -0.647
v -21.570 10.780 -0.647
v -21.347 10.600 -0.761
v -21.347 10.780 -0.761
v -21.100 10.600 -0.800
v -21.100 10.780 -0.800
v -20.853 10.600 -0.761
v -20.853 10.780 -0.761
v -20.630 10.600 -0.647
v -20.630 10.780 -0.647
v -20.453 10.600 -0.470
v -20.453 10.780 -0.470
v -20.339 10.600 -0.247
v -20.339 10.780 -0.247
v -20.340 11.100 0.000
v -20.340 11.500 0.000
v -20.358 11.100 0.042
v -20.358 11.500 0.042
v -20.400 11.100 0.060
v -20.400 11.500 0.060
v -20.442 11.100 0.042
v -20.442 11.500 0.042
v -20.460 11.100 0.000
v -20.460 11.500 0.000
v -20.442 11.100 -0.042
v -20.442 11.500 -0.042
v -20.400 11.100 -0.060
v -20.400 11.500 -0.060
v -20.358 11.100 -0.042
v -20.358 11.500 -0.042
v -20.545 11.100 0.495
v -20.545 11.500 0.495
v -20.563 11.100 0.537
v -20.563 11.500 0.537
v -20.605 11.100 0.555
v -20.605 11.500 0.555
v -20.647 11.100 0.537
v -20.647 11.500 0.537
v -20.665 11.100 0.495
v -20.665 11.500 0.495
v -20.647 11.100 0.453
v -20.647 11.500 0.453
v -20.605 11.100 0.435
v -20.605 11.500 0.435
v -20.563 11.100 0.453
v -20.563 11.500 0.453
v -21.040 11.100 0.700
v -21.040 11.500 0.700
v -21.058 11.100 0.742
v -21.058 11.500 0.742
v -21.100 11.100 0.760
v -21.100 11.500 0.760
v -21.142 11.100 0.742
v -21.142 11.500 0.742
v -21.160 11.100 0.700
v -21.160 11.500 0.700
v -21.142 11.100 0.658
v -21.142 11.500 0.658
v -21.100 11.100 0.640
v -21.100 11.500 0.640
v -21.058 11.100 0.658
v -21.058 11.500 0.658
v -21.535 11.100 0.495
v -21.535 11.500 0.495
v -21.553 11.100 0.537
v -21.553 11.500 0.537
v -21.595 11.100 0.555
v -21.595 11.500 0.555
v -21.637 11.100 0.537
v -21.637 11.500 0.537
v -21.655 11.100 0.495
v -21.655 11.500 0.495
v -21.637 11.100 0.453
v -21.637 11.500 0.453
v -21.595 11.100 0.435
v -21.595 11.500 0.435
v -21.553 11.100 0.453
v -21.553 11.500 0.453
v -21.740 11.100 0.000
v -21.740 11.500 0.000
v -21.758 11.100 0.042
v -21.758 11.500 0.042
v -21.800 11.100 0.060
v -21.800 11.500 0.060
v -21.842 11.100 0.042
v -21.842 11.500 0.042
v -21.860 11.100 0.000
v -21.860 11.500 0.000
v -21.842 11.100 -0.042
v -21.842 11.500 -0.042
v -21.800 11.100 -0.060
v -21.800 11.500 -0.060
v -21.758 11.100 -0.042
v -21.758 11.500 -0.042
v -21.535 11.100 -0.495
v -21.535 11.500 -0.495
v -21.553 11.100 -0.453
v -21.553 11.500 -0.453
v -21.595 11.100 -0.435
v -21.595 11.500 -0.435
v -21.637 11.100 -0.453
v -21.637 11.500 -0.453
v -21.655 11.100 -0.495
v -21.655 11.500 -0.495
v -21.637 11.100 -0.537
v -21.637 11.500 -0.537
v -21.595 11.100 -0.555
v -21.595 11.500 -0.555
v -21.553 11.100 -0.537
v -21.553 11.500 -0.537
v -21.040 11.100 -0.700
v -21.040 11.500 -0.700
v -21.058 11.100 -0.658
v -21.058 11.500 -0.658
v -21.100 11.100 -0.640
v -21.100 11.500 -0.640
v -21.142 11.100 -0.658
v -21.142 11.500 -0.658
v -21.160 11.100 -0.700
v -21.160 11.500 -0.700
v -21.142 11.100 -0.742
v -21.142 11.500 -0.742
v -21.100 11.100 -0.760
v -21.100 11.500 -0.760
v -21.058 11.100 -0.742
v -21.058 11.500 -0.742
v -20.545 11.100 -0.495
v -20.545 11.500 -0.495
v -20.563 11.100 -0.453
v -20.563 11.500 -0.453
v -20.605 11.100 -0.435
v -20.605 11.500 -0.435
v -20.647 11.100 -0.453
v -20.647 11.500 -0.453
v -20.665 11.100 -0.495
v -20.665 11.500 -0.495
v -20.647 11.100 -0.537
v -20.647 11.500 -0.537
v -20.605 11.100 -0.555
v -20.605 11.500 -0.555
v -20.563 11.100 -0.537
v -20.563 11.500 -0.537
v -10.620 11.000 0.000
v -10.620 12.300 0.000
v -10.635 11.000 0.047
v -10.635 12.300 0.047
v -10.675 11.000 0.076
v -10.675 12.300 0.076
v -10.725 11.000 0.076
v -10.725 12.300 0.076
v -10.765 11.000 0.047
v -10.765 12.300 0.047
v -10.780 11.000 0.000
v -10.780 12.300 0.000
v -10.765 11.000 -0.047
v -10.765 12.300 -0.047
v -10.725 11.000 -0.076
v -10.725 12.300 -0.076
v -10.675 11.000 -0.076
v -10.675 12.300 -0.076
v -10.635 11.000 -0.047
v -10.635 12.300 -0.047
v -9.900 10.600 0.000
v -9.900 10.780 0.000
v -9.939 10.600 0.247
v -9.939 10.780 0.247
v -10.053 10.600 0.470
v -10.053 10.780 0.470
v -10.230 10.600 0.647
v -10.230 10.780 0.647
v -10.453 10.600 0.761
v -10.453 10.780 0.761
v -10.700 10.600 0.800
v -10.700 10.780 0.800
v -10.947 10.600 0.761
v -10.947 10.780 0.761
v -11.170 10.600 0.647
v -11.170 10.780 0.647
v -11.347 10.600 0.470
v -11.347 10.780 0.470
v -11.461 10.600 0.247
v -11.461 10.780 0.247
v -11.500 10.600 0.000
v -11.500 10.780 0.000
v -11.461 10.600 -0.247
v -11.461 10.780 -0.247
v -11.347 10.600 -0.470
v -11.347 10.780 -0.470
v -11.170 10.600 -0.647
v -11.170 10.780 -0.647
v -10.947 10.600 -0.761
v -10.947 10.780 -0.761
v -10.700 10.600 -0.800
v -10.700 10.780 -0.800
v -10.453 10.600 -0.761
v -10.453 10.780 -0.761
v -10.230 10.600 -0.647
v -10.230 10.780 -0.647
v -10.053 10.600 -0.470
v -10.053 10.780 -0.470
v -9.939 10.600 -0.247
v -9.939 10.780 -0.247
v -9.940 11.100 0.000
v -9.940 11.500 0.000
v -9.958 11.100 0.042
v -9.958 11.500 0.042
v -10.000 11.100 0.060
v -10.000 11.500 0.060
v -10.042 11.100 0.042
v -10.042 11.500 0.042
v -10.060 11.100 0.000
v -10.060 11.500 0.000
v -10.042 11.100 -0.042
v -10.042 11.500 -0.042
v -10.000 11.100 -0.060
v -10.000 11.500 -0.060
v -9.958 11.100 -0.042
v -9.958 11.500 -0.042
v -10.145 11.100 0.495
v -10.145 11.500 0.495
v -10.163 11.100 0.537
v -10.163 11.500 0.537
v -10.205 11.100 0.555
v -10.205 11.500 0.555
v -10.247 11.100 0.537
v -10.247 11.500 0.537
v -10.265 11.100 0.495
v -10.265 11.500 0.495
v -10.247 11.100 0.453
v -10.247 11.500 0.453
v -10.205 11.100 0.435
v -10.205 11.500 0.435
v -10.163 11.100 0.453
v -10.163 11.500 0.453
v -10.640 11.100 0.700
v -10.640 11.500 0.700
v -10.658 11.100 0.742
v -10.658 11.500 0.742
v -10.700 11.100 0.760
v -10.700 11.500 0.760
v -10.742 11.100 0.742
v -10.742 11.500 0.742
v -10.760 11.100 0.700
v -10.760 11.500 0.700
v -10.742 11.100 0.658
v -10.742 11.500 0.658
v -10.700 11.100 0.640
v -10.700 11.500 0.640
v -10.658 11.100 0.658
v -10.658 11.500 0.658
v -11.135 11.100 0.495
v -11.135 11.500 0.495
v -11.153 11.100 0.537
v -11.153 11.500 0.537
v -11.195 11.100 0.555
v -11.195 11.500 0.555
v -11.237 11.100 0.537
v -11.237 11.500 0.537
v -11.255 11.100 0.495
v -11.255 11.500 0.495
v -11.237 11.100 0.453
v -11.237 11.500 0.453
v -11.195 11.100 0.435
v -11.195 11.500 0.435
v -11.153 11.100 0.453
v -11.153 11.500 0.453
v -11.340 11.100 0.000
v -11.340 11.500 0.000
v -11.358 11.100 0.042
v -11.358 11.500 0.042
v -11.400 11.100 0.060
v -11.400 11.500 0.060
v -11.442 11.100 0.042
v -11.442 11.500 0.042
v -11.460 11.100 0.000
v -11.460 11.500 0.000
v -11.442 11.100 -0.042
v -11.442 11.500 -0.042
v -11.400 11.100 -0.060
v -11.400 11.500 -0.060
v -11.358 11.100 -0.042
v -11.358 11.500 -0.042
v -11.135 11.100 -0.495
v -11.135 11.500 -0.495
v -11.153 11.100 -0.453
v -11.153 11.500 -0.453
v -11.195 11.100 -0.435
v -11.195 11.500 -0.435
v -11.237 11.100 -0.453
v -11.237 11.500 -0.453
v -11.255 11.100 -0.495
v -11.255 11.500 -0.495
v -11.237 11.100 -0.537
v -11.237 11.500 -0.537
v -11.195 11.100 -0.555
v -11.195 11.500 -0.555
v -11.153 11.100 -0.537
v -11.153 11.500 -0.537
v -10.640 11.100 -0.700
v -10.640 11.500 -0.700
v -10.658 11.100 -0.658
v -10.658 11.500 -0.658
v -10.700 11.100 -0.640
v -10.700 11.500 -0.640
v -10.742 11.100 -0.658
v -10.742 11.500 -0.658
v -10.760 11.100 -0.700
v -10.760 11.500 -0.700
v -10.742 11.100 -0.742
v -10.742 11.500 -0.742
v -10.700 11.100 -0.760
v -10.700 11.500 -0.760
v -10.658 11.100 -0.742
v -10.658 11.500 -0.742
v -10.145 11.100 -0.495
v -10.145 11.500 -0.495
v -10.163 11.100 -0.453
v -10.163 11.500 -0.453
v -10.205 11.100 -0.435
v -10.205 11.500 -0.435
v -10.247 11.100 -0.453
v -10.247 11.500 -0.453
v -10.265 11.100 -0.495
v -10.265 11.500 -0.495
v -10.247 11.100 -0.537
v -10.247 11.500 -0.537
v -10.205 11.100 -0.555
v -10.205 11.500 -0.555
v -10.163 11.100 -0.537
v -10.163 11.500 -0.537
v -0.220 11.000 0.000
v -0.220 12.300 0.000
v -0.235 11.000 0.047
v -0.235 12.300 0.047
v -0.275 11.000 0.076
v -0.275 12.300 0.076
v -0.325 11.000 0.076
v -0.325 12.300 0.076
v -0.365 11.000 0.047
v -0.365 12.300 0.047
v -0.380 11.000 0.000
v -0.380 12.300 0.000
v -0.365 11.000 -0.047
v -0.365 12.300 -0.047
v -0.325 11.000 -0.076
v -0.325 12.300 -0.076
v -0.275 11.000 -0.076
v -0.275 12.300 -0.076
v -0.235 11.000 -0.047
v -0.235 12.300 -0.047
v 0.500 10.600 0.000
v 0.500 10.780 0.000
v 0.461 10.600 0.247
v 0.461 10.780 0.247
v 0.347 10.600 0.470
v 0.347 10.780 0.470
v 0.170 10.600 0.647
v 0.170 10.780 0.647
v -0.053 10.600 0.761
v -0.053 10.780 0.761
v -0.300 10.600 0.800
v -0.300 10.780 0.800
v -0.547 10.600 0.761
v -0.547 10.780 0.761
v -0.770 10.600 0.647
v -0.770 10.780 0.647
v -0.947 10.600 0.470
v -0.947 10.780 0.470
v -1.061 10.600 0.247
v -1.061 10.780 0.247
v -1.100 10.600 0.000
v -1.100 10.780 0.000
v -1.061 10.600 -0.247
v -1.061 10.780 -0.247
v -0.947 10.600 -0.470
v -0.947 10.780 -0.470
v -0.770 10.600 -0.647
v -0.770 10.780 -0.647
v -0.547 10.600 -0.761
v -0.547 10.780 -0.761
v -0.300 10.600 -0.800
v -0.300 10.780 -0.800
v -0.053 10.600 -0.761
v -0.053 10.780 -0.761
v 0.170 10.600 -0.647
v 0.170 10.780 -0.647
v 0.347 10.600 -0.470
v 0.347 10.780 -0.470
v 0.461 10.600 -0.247
v 0.461 10.780 -0.247
v 0.460 11.100 0.000
v 0.460 11.500 0.000
v 0.442 11.100 0.042
v 0.442 11.500 0.042
v 0.400 11.100 0.060
v 0.400 11.500 0.060
v 0.358 11.100 0.042
v 0.358 11.500 0.042
v 0.340 11.100 0.000
v 0.340 11.500 0.000
v 0.358 11.100 -0.042
v 0.358 11.500 -0.042
v 0.400 11.100 -0.060
v 0.400 11.500 -0.060
v 0.442 11.100 -0.042
v 0.442 11.500 -0.042
v 0.255 11.100 0.495
v 0.255 11.500 0.495
v 0.237 11.100 0.537
v 0.237 11.500 0.537
v 0.195 11.100 0.555
v 0.195 11.500 0.555
v 0.153 11.100 0.537
v 0.153 11.500 0.537
v 0.135 11.100 0.495
v 0.135 11.500 0.495
v 0.153 11.100 0.453
v 0.153 11.500 0.453
v 0.195 11.100 0.435
v 0.195 11.500 0.435
v 0.237 11.100 0.453
v 0.237 11.500 0.453
v -0.240 11.100 0.700
v -0.240 11.500 0.700
v -0.258 11.100 0.742
v -0.258 11.500 0.742
v -0.300 11.100 0.760
v -0.300 11.500 0.760
v -0.342 11.100 0.742
v -0.342 11.500 0.742
v -0.360 11.100 0.700
v -0.360 11.500 0.700
v -0.342 11.100 0.658
v -0.342 11.500 0.658
v -0.300 11.100 0.640
v -0.300 11.500 0.640
v -0.258 11.100 0.658
v -0.258 11.500 0.658
v -0.735 11.100 0.495
v -0.735 11.500 0.495
v -0.753 11.100 0.537
v -0.753 11.500 0.537
v -0.795 11.100 0.555
v -0.795 11.500 0.555
v -0.837 11.100 0.537
v -0.837 11.500 0.537
v -0.855 11.100 0.495
v -0.855 11.500 0.495
v -0.837 11.100 0.453
v -0.837 11.500 0.453
v -0.795 11.100 0.435
v -0.795 11.500 0.435
v -0.753 11.100 0.453
v -0.753 11.500 0.453
v -0.940 11.100 0.000
v -0.940 11.500 0.000
v -0.958 11.100 0.042
v -0.958 11.500 0.042
v -1.000 11.100 0.060
v -1.000 11.500 0.060
v -1.042 11.100 0.042
v -1.042 11.500 0.042
v -1.060 11.100 0.000
v -1.060 11.500 0.000
v -1.042 11.100 -0.042
v -1.042 11.500 -0.042
v -1.000 11.100 -0.060
v -1.000 11.500 -0.060
v -0.958 11.100 -0.042
v -0.958 11.500 -0.042
v -0.735 11.100 -0.495
v -0.735 11.500 -0.495
v -0.753 11.100 -0.453
v -0.753 11.500 -0.453
v -0.795 11.100 -0.435
v -0.795 11.500 -0.435
v -0.837 11.100 -0.453
v -0.837 11.500 -0.453
v -0.855 11.100 -0.495
v -0.855 11.500 -0.495
v -0.837 11.100 -0.537
v -0.837 11.500 -0.537
v -0.795 11.100 -0.555
v -0.795 11.500 -0.555
v -0.753 11.100 -0.537
v -0.753 11.500 -0.537
v -0.240 11.100 -0.700
v -0.240 11.500 -0.700
v -0.258 11.100 -0.658
v -0.258 11.500 -0.658
v -0.300 11.100 -0.640
v -0.300 11.500 -0.640
v -0.342 11.100 -0.658
v -0.342 11.500 -0.658
v -0.360 11.100 -0.700
v -0.360 11.500 -0.700
v -0.342 11.100 -0.742
v -0.342 11.500 -0.742
v -0.300 11.100 -0.760
v -0.300 11.500 -0.760
v -0.258 11.100 -0.742
v -0.258 11.500 -0.742
v 0.255 11.100 -0.495
v 0.255 11.500 -0.495
v 0.237 11.100 -0.453
v 0.237 11.500 -0.453
v 0.195 11.100 -0.435
v 0.195 11.500 -0.435
v 0.153 11.100 -0.453
v 0.153 11.500 -0.453
v 0.135 11.100 -0.495
v 0.135 11.500 -0.495
v 0.153 11.100 -0.537
v 0.153 11.500 -0.537
v 0.195 11.100 -0.555
v 0.195 11.500 -0.555
v 0.237 11.100 -0.537
v 0.237 11.500 -0.537
v 10.180 11.000 0.000
v 10.180 12.300 0.000
v 10.165 11.000 0.047
v 10.165 12.300 0.047
v 10.125 11.000 0.076
v 10.125 12.300 0.076
v 10.075 11.000 0.076
v 10.075 12.300 0.076
v 10.035 11.000 0.047
v 10.035 12.300 0.047
v 10.020 11.000 0.000
v 10.020 12.300 0.000
v 10.035 11.000 -0.047
v 10.035 12.300 -0.047
v 10.075 11.000 -0.076
v 10.075 12.300 -0.076
v 10.125 11.000 -0.076
v 10.125 12.300 -0.076
v 10.165 11.000 -0.047
v 10.165 12.300 -0.047
v 10.900 10.600 0.000
v 10.900 10.780 0.000
v 10.861 10.600 0.247
v 10.861 10.780 0.247
v 10.747 10.600 0.470
v 10.747 10.780 0.470
v 10.570 10.600 0.647
v 10.570 10.780 0.647
v 10.347 10.600 0.761
v 10.347 10.780 0.761
v 10.100 10.600 0.800
v 10.100 10.780 0.800
v 9.853 10.600 0.761
v 9.853 10.780 0.761
v 9.630 10.600 0.647
v 9.630 10.780 0.647
v 9.453 10.600 0.470
v 9.453 10.780 0.470
v 9.339 10.600 0.247
v 9.339 10.780 0.247
v 9.300 10.600 0.000
v 9.300 10.780 0.000
v 9.339 10.600 -0.247
v 9.339 10.780 -0.247
v 9.453 10.600 -0.470
v 9.453 10.780 -0.470
v 9.630 10.600 -0.647
v 9.630 10.780 -0.647
v 9.853 10.600 -0.761
v 9.853 10.780 -0.761
v 10.100 10.600 -0.800
v 10.100 10.780 -0.800
v 10.347 10.600 -0.761
v 10.347 10.780 -0.761
v 10.570 10.600 -0.647
v 10.570 10.780 -0.647
v 10.747 10.600 -0.470
v 10.747 10.780 -0.470
v 10.861 10.600 -0.247
v 10.861 10.780 -0.247
v 10.860 11.100 0.000
v 10.860 11.500 0.000
v 10.842 11.100 0.042
v 10.842 11.500 0.042
v 10.800 11.100 0.060
v 10.800 11.500 0.060
v 10.758 11.100 0.042
v 10.758 11.500 0.042
v 10.740 11.100 0.000
v 10.740 11.500 0.000
v 10.758 11.100 -0.042
v 10.758 11.500 -0.042
v 10.800 11.100 -0.060
v 10.800 11.500 -0.060
v 10.842 11.100 -0.042
v 10.842 11.500 -0.042
v 10.655 11.100 0.495
v 10.655 11.500 0.495
v 10.637 11.100 0.537
v 10.637 11.500 0.537
v 10.595 11.100 0.555
v 10.595 11.500 0.555
v 10.553 11.100 0.537
v 10.553 11.500 0.537
v 10.535 11.100 0.495
v 10.535 11.500 0.495
v 10.553 11.100 0.453
v 10.553 11.500 0.453
v 10.595 11.100 0.435
v 10.595 11.500 0.435
v 10.637 11.100 0.453
v 10.637 11.500 0.453
v 10.160 11.100 0.700
v 10.160 11.500 0.700
v 10.142 11.100 0.742
v 10.142 11.500 0.742
v 10.100 11.100 0.760
v 10.100 11.500 0.760
v 10.058 11.100 0.742
v 10.058 11.500 0.742
v 10.040 11.100 0.700
v 10.040 11.500 0.700
v 10.058 11.100 0.658
v 10.058 11.500 0.658
v 10.100 11.100 0.640
v 10.100 11.500 0.640
v 10.142 11.100 0.658
v 10.142 11.500 0.658
v 9.665 11.100 0.495
v 9.665 11.500 0.495
v 9.647 11.100 0.537
v 9.647 11.500 0.537
v 9.605 11.100 0.555
v 9.605 11.500 0.555
v 9.563 11.100 0.537
v 9.563 11.500 0.537
v 9.545 11.100 0.495
v 9.545 11.500 0.495
v 9.563 11.100 0.453
v 9.563 11.500 0.453
v 9.605 11.100 0.435
v 9.605 11.500 0.435
v 9.647 11.100 0.453
v 9.647 11.500 0.453
v 9.460 11.100 0.000
v 9.460 11.500 0.000
v 9.442 11.100 0.042
v 9.442 11.500 0.042
v 9.400 11.100 0.060
v 9.400 11.500 0.060
v 9.358 11.100 0.042
v 9.358 11.500 0.042
v 9.340 11.100 0.000
v 9.340 11.500 0.000
v 9.358 11.100 -0.042
v 9.358 11.500 -0.042
v 9.400 11.100 -0.060
v 9.400 11.500 -0.060
v 9.442 11.100 -0.042
v 9.442 11.500 -0.042
v 9.665 11.100 -0.495
v 9.665 11.500 -0.495
v 9.647 11.100 -0.453
v 9.647 11.500 -0.453
v 9.605 11.100 -0.435
v 9.605 11.500 -0.435
v 9.563 11.100 -0.453
v 9.563 11.500 -0.453
v 9.545 11.100 -0.495
v 9.545 11.500 -0.495
v 9.563 11.100 -0.537
v 9.563 11.500 -0.537
v 9.605 11.100 -0.555
v 9.605 11.500 -0.555
v 9.647 11.100 -0.537
v 9.647 11.500 -0.537
v 10.160 11.100 -0.700
v 10.160 11.500 -0.700
v 10.142 11.100 -0.658
v 10.142 11.500 -0.658
v 10.100 11.100 -0.640
v 10.100 11.500 -0.640
v 10.058 11.100 -0.658
v 10.058 11.500 -0.658
v 10.040 11.100 -0.700
v 10.040 11.500 -0.700
v 10.058 11.100 -0.742
v 10.058 11.500 -0.742
v 10.100 11.100 -0.760
v 10.100 11.500 -0.760
v 10.142 11.100 -0.742
v 10.142 11.500 -0.742
v 10.655 11.100 -0.495
v 10.655 11.500 -0.495
v 10.637 11.100 -0.453
v 10.637 11.500 -0.453
v 10.595 11.100 -0.435
v 10.595 11.500 -0.435
v 10.553 11.100 -0.453
v 10.553 11.500 -0.453
v 10.535 11.100 -0.495
v 10.535 11.500 -0.495
v 10.553 11.100 -0.537
v 10.553 11.500 -0.537
v 10.595 11.100 -0.555
v 10.595 11.500 -0.555
v 10.637 11.100 -0.537
v 10.637 11.500 -0.537
v 20.580 11.000 0.000
v 20.580 12.300 0.000
v 20.565 11.000 0.047
v 20.565 12.300 0.047
v 20.525 11.000 0.076
v 20.525 12.300 0.076
v 20.475 11.000 0.076
v 20.475 12.300 0.076
v 20.435 11.000 0.047
v 20.435 12.300 0.047
v 20.420 11.000 0.000
v 20.420 12.300 0.000
v 20.435 11.000 -0.047
v 20.435 12.300 -0.047
v 20.475 11.000 -0.076
v 20.475 12.300 -0.076
v 20.525 11.000 -0.076
v 20.525 12.300 -0.076
v 20.565 11.000 -0.047
v 20.565 12.300 -0.047
v 21.300 10.600 0.000
v 21.300 10.780 0.000
v 21.261 10.600 0.247
v 21.261 10.780 0.247
v 21.147 10.600 0.470
v 21.147 10.780 0.470
v 20.970 10.600 0.647
v 20.970 10.780 0.647
v 20.747 10.600 0.761
v 20.747 10.780 0.761
v 20.500 10.600 0.800
v 20.500 10.780 0.800
v 20.253 10.600 0.761
v 20.253 10.780 0.761
v 20.030 10.600 0.647
v 20.030 10.780 0.647
v 19.853 10.600 0.470
v 19.853 10.780 0.470
v 19.739 10.600 0.247
v 19.739 10.780 0.247
v 19.700 10.600 0.000
v 19.700 10.780 0.000
v 19.739 10.600 -0.247
v 19.739 10.780 -0.247
v 19.853 10.600 -0.470
v 19.853 10.780 -0.470
v 20.030 10.600 -0.647
v 20.030 10.780 -0.647
v 20.253 10.600 -0.761
v 20.253 10.780 -0.761
v 20.500 10.600 -0.800
v 20.500 10.780 -0.800
v 20.747 10.600 -0.761
v 20.747 10.780 -0.761
v 20.970 10.600 -0.647
v 20.970 10.780 -0.647
v 21.147 10.600 -0.470
v 21.147 10.780 -0.470
v 21.261 10.600 -0.247
v 21.261 10.780 -0.247
v 21.260 11.100 0.000
v 21.260 11.500 0.000
v 21.242 11.100 0.042
v 21.242 11.500 0.042
v 21.200 11.100 0.060
v 21.200 11.500 0.060
v 21.158 11.100 0.042
v 21.158 11.500 0.042
v 21.140 11.100 0.000
v 21.140 11.500 0.000
v 21.158 11.100 -0.042
v 21.158 11.500 -0.042
v 21.200 11.100 -0.060
v 21.200 11.500 -0.060
v 21.242 11.100 -0.042
v 21.242 11.500 -0.042
v 21.055 11.100 0.495
v 21.055 11.500 0.495
v 21.037 11.100 0.537
v 21.037 11.500 0.537
v 20.995 11.100 0.555
v 20.995 11.500 0.555
v 20.953 11.100 0.537
v 20.953 11.500 0.537
v 20.935 11.100 0.495
v 20.935 11.500 0.495
v 20.953 11.100 0.453
v 20.953 11.500 0.453
v 20.995 11.100 0.435
v 20.995 11.500 0.435
v 21.037 11.100 0.453
v 21.037 11.500 0.453
v 20.560 11.100 0.700
v 20.560 11.500 0.700
v 20.542 11.100 0.742
v 20.542 11.500 0.742
v 20.500 11.100 0.760
v 20.500 11.500 0.760
v 20.458 11.100 0.742
v 20.458 11.500 0.742
v 20.440 11.100 0.700
v 20.440 11.500 0.700
v 20.458 11.100 0.658
v 20.458 11.500 0.658
v 20.500 11.100 0.640
v 20.500 11.500 0.640
v 20.542 11.100 0.658
v 20.542 11.500 0.658
v 20.065 11.100 0.495
v 20.065 11.500 0.495
v 20.047 11.100 0.537
v 20.047 11.500 0.537
v 20.005 11.100 0.555
v 20.005 11.500 0.555
v 19.963 11.100 0.537
v 19.963 11.500 0.537
v 19.945 11.100 0.495
v 19.945 11.500 0.495
v 19.963 11.100 0.453
v 19.963 11.500 0.453
v 20.005 11.100 0.435
v 20.005 11.500 0.435
v 20.047 11.100 0.453
v 20.047 11.500 0.453
v 19.860 11.100 0.000
v 19.860 11.500 0.000
v 19.842 11.100 0.042
v 19.842 11.500 0.042
v 19.800 11.100 0.060
v 19.800 11.500 0.060
v 19.758 11.100 0.042
v 19.758 11.500 0.042
v 19.740 11.100 0.000
v 19.740 11.500 0.000
v 19.758 11.100 -0.042
v 19.758 11.500 -0.042
v 19.800 11.100 -0.060
v 19.800 11.500 -0.060
v 19.842 11.100 -0.042
v 19.842 11.500 -0.042
v 20.065 11.100 -0.495
v 20.065 11.500 -0.495
v 20.047 11.100 -0.453
v 20.047 11.500 -0.453
v 20.005 11.100 -0.435
v 20.005 11.500 -0.435
v 19.963 11.100 -0.453
v 19.963 11.500 -0.453
v 19.945 11.100 -0.495
v 19.945 11.500 -0.495
v 19.963 11.100 -0.537
v 19.963 11.500 -0.537
v 20.005 11.100 -0.555
v 20.005 11.500 -0.555
v 20.047 11.100 -0.537
v 20.047 11.500 -0.537
v 20.560 11.100 -0.700
v 20.560 11.500 -0.700
v 20.542 11.100 -0.658
v 20.542 11.500 -0.658
v 20.500 11.100 -0.640
v 20.500 11.500 -0.640
v 20.458 11.100 -0.658
v 20.458 11.500 -0.658
v 20.440 11.100 -0.700
v 20.440 11.500 -0.700
v 20.458 11.100 -0.742
v 20.458 11.500 -0.742
v 20.500 11.100 -0.760
v 20.500 11.500 -0.760
v 20.542 11.100 -0.742
v 20.542 11.500 -0.742
v 21.055 11.100 -0.495
v 21.055 11.500 -0.495
v 21.037 11.100 -0.453
v 21.037 11.500 -0.453
v 20.995 11.100 -0.435
v 20.995 11.500 -0.435
v 20.953 11.100 -0.453
v 20.953 11.500 -0.453
v 20.935 11.100 -0.495
v 20.935 11.500 -0.495
v 20.953 11.100 -0.537
v 20.953 11.500 -0.537
v 20.995 11.100 -0.555
v 20.995 11.500 -0.555
v 21.037 11.100 -0.537
v 21.037 11.500 -0.537
v 30.980 11.000 0.000
v 30.980 12.300 0.000
v 30.965 11.000 0.047
v 30.965 12.300 0.047
v 30.925 11.000 0.076
v 30.925 12.300 0.076
v 30.875 11.000 0.076
v 30.875 12.300 0.076
v 30.835 11.000 0.047
v 30.835 12.300 0.047
v 30.820 11.000 0.000
v 30.820 12.300 0.000
v 30.835 11.000 -0.047
v 30.835 12.300 -0.047
v 30.875 11.000 -0.076
v 30.875 12.300 -0.076
v 30.925 11.000 -0.076
v 30.925 12.300 -0.076
v 30.965 11.000 -0.047
v 30.965 12.300 -0.047
v 31.700 10.600 0.000
v 31.700 10.780 0.000
v 31.661 10.600 0.247
v 31.661 10.780 0.247
v 31.547 10.600 0.470
v 31.547 10.780 0.470
v 31.370 10.600 0.647
v 31.370 10.780 0.647
v 31.147 10.600 0.761
v 31.147 10.780 0.761
v 30.900 10.600 0.800
v 30.900 10.780 0.800
v 30.653 10.600 0.761
v 30.653 10.780 0.761
v 30.430 10.600 0.647
v 30.430 10.780 0.647
v 30.253 10.600 0.470
v 30.253 10.780 0.470
v 30.139 10.600 0.247
v 30.139 10.780 0.247
v 30.100 10.600 0.000
v 30.100 10.780 0.000
v 30.139 10.600 -0.247
v 30.139 10.780 -0.247
v 30.253 10.600 -0.470
v 30.253 10.780 -0.470
v 30.430 10.600 -0.647
v 30.430 10.780 -0.647
v 30.653 10.600 -0.761
v 30.653 10.780 -0.761
v 30.900 10.600 -0.800
v 30.900 10.780 -0.800
v 31.147 10.600 -0.761
v 31.147 10.780 -0.761
v 31.370 10.600 -0.647
v 31.370 10.780 -0.647
v 31.547 10.600 -0.470
v 31.547 10.780 -0.470
v 31.661 10.600 -0.247
v 31.661 10.780 -0.247
v 31.660 11.100 0.000
v 31.660 11.500 0.000
v 31.642 11.100 0.042
v 31.642 11.500 0.042
v 31.600 11.100 0.060
v 31.600 11.500 0.060
v 31.558 11.100 0.042
v 31.558 11.500 0.042
v 31.540 11.100 0.000
v 31.540 11.500 0.000
v 31.558 11.100 -0.042
v 31.558 11.500 -0.042
v 31.600 11.100 -0.060
v 31.600 11.500 -0.060
v 31.642 11.100 -0.042
v 31.642 11.500 -0.042
v 31.455 11.100 0.495
v 31.455 11.500 0.495
v 31.437 11.100 0.537
v 31.437 11.500 0.537
v 31.395 11.100 0.555
v 31.395 11.500 0.555
v 31.353 11.100 0.537
v 31.353 11.500 0.537
v 31.335 11.100 0.495
v 31.335 11.500 0.495
v 31.353 11.100 0.453
v 31.353 11.500 0.453
v 31.395 11.100 0.435
v 31.395 11.500 0.435
v 31.437 11.100 0.453
v 31.437 11.500 0.453
v 30.960 11.100 0.700
v 30.960 11.500 0.700
v 30.942 11.100 0.742
v 30.942 11.500 0.742
v 30.900 11.100 0.760
v 30.900 11.500 0.760
v 30.858 11.100 0.742
v 30.858 11.500 0.742
v 30.840 11.100 0.700
v 30.840 11.500 0.700
v 30.858 11.100 0.658
v 30.858 11.500 0.658
v 30.900 11.100 0.640
v 30.900 11.500 0.640
v 30.942 11.100 0.658
v 30.942 11.500 0.658
v 30.465 11.100 0.495
v 30.465 11.500 0.495
v 30.447 11.100 0.537
v 30.447 11.500 0.537
v 30.405 11.100 0.555
v 30.405 11.500 0.555
v 30.363 11.100 0.537
v 30.363 11.500 0.537
v 30.345 11.100 0.495
v 30.345 11.500 0.495
v 30.363 11.100 0.453
v 30.363 11.500 0.453
v 30.405 11.100 0.435
v 30.405 11.500 0.435
v 30.447 11.100 0.453
v 30.447 11.500 0.453
v 30.260 11.100 0.000
v 30.260 11.500 0.000
v 30.242 11.100 0.042
v 30.242 11.500 0.042
v 30.200 11.100 0.060
v 30.200 11.500 0.060
v 30.158 11.100 0.042
v 30.158 11.500 0.042
v 30.140 11.100 0.000
v 30.140 11.500 0.000
v 30.158 11.100 -0.042
v 30.158 11.500 -0.042
v 30.200 11.100 -0.060
v 30.200 11.500 -0.060
v 30.242 11.100 -0.042
v 30.242 11.500 -0.042
v 30.465 11.100 -0.495
v 30.465 11.500 -0.495
v 30.447 11.100 -0.453
v 30.447 11.500 -0.453
v 30.405 11.100 -0.435
v 30.405 11.500 -0.435
v 30.363 11.100 -0.453
v 30.363 11.500 -0.453
v 30.345 11.100 -0.495
v 30.345 11.500 -0.495
v 30.363 11.100 -0.537
v 30.363 11.500 -0.537
v 30.405 11.100 -0.555
v 30.405 11.500 -0.555
v 30.447 11.100 -0.537
v 30.447 11.500 -0.537
v 30.960 11.100 -0.700
v 30.960 11.500 -0.700
v 30.942 11.100 -0.658
v 30.942 11.500 -0.658
v 30.900 11.100 -0.640
v 30.900 11.500 -0.640
v 30.858 11.100 -0.658
v 30.858 11.500 -0.658
v 30.840 11.100 -0.700
v 30.840 11.500 -0.700
v 30.858 11.100 -0.742
v 30.858 11.500 -0.742
v 30.900 11.100 -0.760
v 30.900 11.500 -0.760
v 30.942 11.100 -0.742
v 30.942 11.500 -0.742
v 31.455 11.100 -0.495
v 31.455 11.500 -0.495
v 31.437 11.100 -0.453
v 31.437 11.500 -0.453
v 31.395 11.100 -0.435
v 31.395 11.500 -0.435
v 31.353 11.100 -0.453
v 31.353 11.500 -0.453
v 31.335 11.100 -0.495
v 31.335 11.500 -0.495
v 31.353 11.100 -0.537
v 31.353 11.500 -0.537
v 31.395 11.100 -0.555
v 31.395 11.500 -0.555
v 31.437 11.100 -0.537
v 31.437 11.500 -0.537
v -10.000 1.270 -1.900
v 10.000 1.270 -1.900
v 10.000 1.630 -1.900
v -10.000 1.630 -1.900
v -10.000 1.270 1.900
v 10.000 1.270 1.900
v 10.000 1.630 1.900
v -10.000 1.630 1.900
v -8.650 0.780 -3.350
v -7.350 0.780 -3.350
v -7.350 1.020 -3.350
v -8.650 1.020 -3.350
v -8.650 0.780 -2.050
v -7.350 0.780 -2.050
v -7.350 1.020 -2.050
v -8.650 1.020 -2.050
v -8.650 0.900 -2.820
v -7.350 0.900 -2.820
v -7.350 2.400 -2.820
v -8.650 2.400 -2.820
v -8.650 0.900 -2.580
v -7.350 0.900 -2.580
v -7.350 2.400 -2.580
v -8.650 2.400 -2.580
v -8.650 0.780 2.050
v -7.350 0.780 2.050
v -7.350 1.020 2.050
v -8.650 1.020 2.050
v -8.650 0.780 3.350
v -7.350 0.780 3.350
v -7.350 1.020 3.350
v -8.650 1.020 3.350
v -8.650 0.900 2.580
v -7.350 0.900 2.580
v -7.350 2.400 2.580
v -8.650 2.400 2.580
v -8.650 0.900 2.820
v -7.350 0.900 2.820
v -7.350 2.400 2.820
v -8.650 2.400 2.820
v -6.150 0.780 -3.350
v -4.850 0.780 -3.350
v -4.850 1.020 -3.350
v -6.150 1.020 -3.350
v -6.150 0.780 -2.050
v -4.850 0.780 -2.050
v -4.850 1.020 -2.050
v -6.150 1.020 -2.050
v -6.150 0.900 -2.820
v -4.850 0.900 -2.820
v -4.850 2.400 -2.820
v -6.150 2.400 -2.820
v -6.150 0.900 -2.580
v -4.850 0.900 -2.580
v -4.850 2.400 -2.580
v -6.150 2.400 -2.580
v -6.150 0.780 2.050
v -4.850 0.780 2.050
v -4.850 1.020 2.050
v -6.150 1.020 2.050
v -6.150 0.780 3.350
v -4.850 0.780 3.350
v -4.850 1.020 3.350
v -6.150 1.020 3.350
v -6.150 0.900 2.580
v -4.850 0.900 2.580
v -4.850 2.400 2.580
v -6.150 2.400 2.580
v -6.150 0.900 2.820
v -4.850 0.900 2.820
v -4.850 2.400 2.820
v -6.150 2.400 2.820
v -3.650 0.780 -3.350
v -2.350 0.780 -3.350
v -2.350 1.020 -3.350
v -3.650 1.020 -3.350
v -3.650 0.780 -2.050
v -2.350 0.780 -2.050
v -2.350 1.020 -2.050
v -3.650 1.020 -2.050
v -3.650 0.900 -2.820
v -2.350 0.900 -2.820
v -2.350 2.400 -2.820
v -3.650 2.400 -2.820
v -3.650 0.900 -2.580
v -2.350 0.900 -2.580
v -2.350 2.400 -2.580
v -3.650 2.400 -2.580
v -3.650 0.780 2.050
v -2.350 0.780 2.050
v -2.350 1.020 2.050
v -3.650 1.020 2.050
v -3.650 0.780 3.350
v -2.350 0.780 3.350
v -2.350 1.020 3.350
v -3.650 1.020 3.350
v -3.650 0.900 2.580
v -2.350 0.900 2.580
v -2.350 2.400 2.580
v -3.650 2.400 2.580
v -3.650 0.900 2.820
v -2.350 0.900 2.820
v -2.350 2.400 2.820
v -3.650 2.400 2.820
v -1.150 0.780 -3.350
v 0.150 0.780 -3.350
v 0.150 1.020 -3.350
v -1.150 1.020 -3.350
v -1.150 0.780 -2.050
v 0.150 0.780 -2.050
v 0.150 1.020 -2.050
v -1.150 1.020 -2.050
v -1.150 0.900 -2.820
v 0.150 0.900 -2.820
v 0.150 2.400 -2.820
v -1.150 2.400 -2.820
v -1.150 0.900 -2.580
v 0.150 0.900 -2.580
v 0.150 2.400 -2.580
v -1.150 2.400 -2.580
v -1.150 0.780 2.050
v 0.150 0.780 2.050
v 0.150 1.020 2.050
v -1.150 1.020 2.050
v -1.150 0.780 3.350
v 0.150 0.780 3.350
v 0.150 1.020 3.350
v -1.150 1.020 3.350
v -1.150 0.900 2.580
v 0.150 0.900 2.580
v 0.150 2.400 2.580
v -1.150 2.400 2.580
v -1.150 0.900 2.820
v 0.150 0.900 2.820
v 0.150 2.400 2.820
v -1.150 2.400 2.820
v 1.350 0.780 -3.350
v 2.650 0.780 -3.350
v 2.650 1.020 -3.350
v 1.350 1.020 -3.350
v 1.350 0.780 -2.050
v 2.650 0.780 -2.050
v 2.650 1.020 -2.050
v 1.350 1.020 -2.050
v 1.350 0.900 -2.820
v 2.650 0.900 -2.820
v 2.650 2.400 -2.820
v 1.350 2.400 -2.820
v 1.350 0.900 -2.580
v 2.650 0.900 -2.580
v 2.650 2.400 -2.580
v 1.350 2.400 -2.580
v 1.350 0.780 2.050
v 2.650 0.780 2.050
v 2.650 1.020 2.050
v 1.350 1.020 2.050
v 1.350 0.780 3.350
v 2.650 0.780 3.350
v 2.650 1.020 3.350
v 1.350 1.020 3.350
v 1.350 0.900 2.580
v 2.650 0.900 2.580
v 2.650 2.400 2.580
v 1.350 2.400 2.580
v 1.350 0.900 2.820
v 2.650 0.900 2.820
v 2.650 2.400 2.820
v 1.350 2.400 2.820
v 3.850 0.780 -3.350
v 5.150 0.780 -3.350
v 5.150 1.020 -3.350
v 3.850 1.020 -3.350
v 3.850 0.780 -2.050
v 5.150 0.780 -2.050
v 5.150 1.020 -2.050
v 3.850 1.020 -2.050
v 3.850 0.900 -2.820
v 5.150 0.900 -2.820
v 5.150 2.400 -2.820
v 3.850 2.400 -2.820
v 3.850 0.900 -2.580
v 5.150 0.900 -2.580
v 5.150 2.400 -2.580
v 3.850 2.400 -2.580
v 3.850 0.780 2.050
v 5.150 0.780 2.050
v 5.150 1.020 2.050
v 3.850 1.020 2.050
v 3.850 0.780 3.350
v 5.150 0.780 3.350
v 5.150 1.020 3.350
v 3.850 1.020 3.350
v 3.850 0.900 2.580
v 5.150 0.900 2.580
v 5.150 2.400 2.580
v 3.850 2.400 2.580
v 3.850 0.900 2.820
v 5.150 0.900 2.820
v 5.150 2.400 2.820
v 3.850 2.400 2.820
v 6.350 0.780 -3.350
v 7.650 0.780 -3.350
v 7.650 1.020 -3.350
v 6.350 1.020 -3.350
v 6.350 0.780 -2.050
v 7.650 0.780 -2.050
v 7.650 1.020 -2.050
v 6.350 1.020 -2.050
v 6.350 0.900 -2.820
v 7.650 0.900 -2.820
v 7.650 2.400 -2.820
v 6.350 2.400 -2.820
v 6.350 0.900 -2.580
v 7.650 0.900 -2.580
v 7.650 2.400 -2.580
v 6.350 2.400 -2.580
v 6.350 0.780 2.050
v 7.650 0.780 2.050
v 7.650 1.020 2.050
v 6.350 1.020 2.050
v 6.350 0.780 3.350
v 7.650 0.780 3.350
v 7.650 1.020 3.350
v 6.350 1.020 3.350
v 6.350 0.900 2.580
v 7.650 0.900 2.580
v 7.650 2.400 2.580
v 6.350 2.400 2.580
v 6.350 0.900 2.820
v 7.650 0.900 2.820
v 7.650 2.400 2.820
v 6.350 2.400 2.820
v -35.350 0.000 0.000
v -35.350 12.000 0.000
v -35.384 0.000 0.172
v -35.384 12.000 0.172
v -35.482 0.000 0.318
v -35.482 12.000 0.318
v -35.628 0.000 0.416
v -35.628 12.000 0.416
v -35.800 0.000 0.450
v -35.800 12.000 0.450
v -35.972 0.000 0.416
v -35.972 12.000 0.416
v -36.118 0.000 0.318
v -36.118 12.000 0.318
v -36.216 0.000 0.172
v -36.216 12.000 0.172
v -36.250 0.000 0.000
v -36.250 12.000 0.000
v -36.216 0.000 -0.172
v -36.216 12.000 -0.172
v -36.118 0.000 -0.318
v -36.118 12.000 -0.318
v -35.972 0.000 -0.416
v -35.972 12.000 -0.416
v -35.800 0.000 -0.450
v -35.800 12.000 -0.450
v -35.628 0.000 -0.416
v -35.628 12.000 -0.416
v -35.482 0.000 -0.318
v -35.482 12.000 -0.318
v -35.384 0.000 -0.172
v -35.384 12.000 -0.172
v 36.250 0.000 0.000
v 36.250 12.000 0.000
v 36.216 0.000 0.172
v 36.216 12.000 0.172
v 36.118 0.000 0.318
v 36.118 12.000 0.318
v 35.972 0.000 0.416
v 35.972 12.000 0.416
v 35.800 0.000 0.450
v 35.800 12.000 0.450
v 35.628 0.000 0.416
v 35.628 12.000 0.416
v 35.482 0.000 0.318
v 35.482 12.000 0.318
v 35.384 0.000 0.172
v 35.384 12.000 0.172
v 35.350 0.000 0.000
v 35.350 12.000 0.000
v 35.384 0.000 -0.172
v 35.384 12.000 -0.172
v 35.482 0.000 -0.318
v 35.482 12.000 -0.318
v 35.628 0.000 -0.416
v 35.628 12.000 -0.416
v 35.800 0.000 -0.450
v 35.800 12.000 -0.450
v 35.972 0.000 -0.416
v 35.972 12.000 -0.416
v 36.118 0.000 -0.318
v 36.118 12.000 -0.318
v 36.216 0.000 -0.172
v 36.216 12.000 -0.172
o marble_floor
usemtl marble
f 1 2 3 4
usemtl marble
f 6 5 8 7
usemtl marble
f 5 1 4 8
usemtl marble
f 2 6 7 3
usemtl marble
f 4 3 7 8
usemtl marble
f 5 6 2 1
o parquet_inlay
usemtl gold
f 9 10 11 12
usemtl gold
f 14 13 16 15
usemtl gold
f 13 9 12 16
usemtl gold
f 10 14 15 11
usemtl gold
f 12 11 15 16
usemtl gold
f 13 14 10 9
usemtl gold
f 17 18 19 20
usemtl gold
f 22 21 24 23
usemtl gold
f 21 17 20 24
usemtl gold
f 18 22 23 19
usemtl gold
f 20 19 23 24
usemtl gold
f 21 22 18 17
usemtl gold
f 25 26 27 28
usemtl gold
f 30 29 32 31
usemtl gold
f 29 25 28 32
usemtl gold
f 26 30 31 27
usemtl gold
f 28 27 31 32
usemtl gold
f 29 30 26 25
usemtl gold
f 33 34 35 36
usemtl gold
f 38 37 40 39
usemtl gold
f 37 33 36 40
usemtl gold
f 34 38 39 35
usemtl gold
f 36 35 39 40
usemtl gold
f 37 38 34 33
usemtl gold
f 41 42 43 44
usemtl gold
f 46 45 48 47
usemtl gold
f 45 41 44 48
usemtl gold
f 42 46 47 43
usemtl gold
f 44 43 47 48
usemtl gold
f 45 46 42 41
usemtl gold
f 49 50 51 52
usemtl gold
f 54 53 56 55
usemtl gold
f 53 49 52 56
usemtl gold
f 50 54 55 51
usemtl gold
f 52 51 55 56
usemtl gold
f 53 54 50 49
usemtl gold
f 57 58 59 60
usemtl gold
f 62 61 64 63
usemtl gold
f 61 57 60 64
usemtl gold
f 58 62 63 59
usemtl gold
f 60 59 63 64
usemtl gold
f 61 62 58 57
usemtl gold
f 65 66 67 68
usemtl gold
f 70 69 72 71
usemtl gold
f 69 65 68 72
usemtl gold
f 66 70 71 67
usemtl gold
f 68 67 71 72
usemtl gold
f 69 70 66 65
usemtl gold
f 73 74 75 76
usemtl gold
f 78 77 80 79
usemtl gold
f 77 73 76 80
usemtl gold
f 74 78 79 75
usemtl gold
f 76 75 79 80
usemtl gold
f 77 78 74 73
usemtl gold
f 81 82 83 84
usemtl gold
f 86 85 88 87
usemtl gold
f 85 81 84 88
usemtl gold
f 82 86 87 83
usemtl gold
f 84 83 87 88
usemtl gold
f 85 86 82 81
usemtl gold
f 89 90 91 92
usemtl gold
f 94 93 96 95
usemtl gold
f 93 89 92 96
usemtl gold
f 90 94 95 91
usemtl gold
f 92 91 95 96
usemtl gold
f 93 94 90 89
usemtl gold
f 97 98 99 100
usemtl gold
f 102 101 104 103
usemtl gold
f 101 97 100 104
usemtl gold
f 98 102 103 99
usemtl gold
f 100 99 103 104
usemtl gold
f 101 102 98 97
usemtl gold
f 105 106 107 108
usemtl gold
f 110 109 112 111
usemtl gold
f 109 105 108 112
usemtl gold
f 106 110 111 107
usemtl gold
f 108 107 111 112
usemtl gold
f 109 110 106 105
usemtl gold
f 113 114 115 116
usemtl gold
f 118 117 120 119
usemtl gold
f 117 113 116 120
usemtl gold
f 114 118 119 115
usemtl gold
f 116 115 119 120
usemtl gold
f 117 118 114 113
usemtl gold
f 121 122 123 124
usemtl gold
f 126 125 128 127
usemtl gold
f 125 121 124 128
usemtl gold
f 122 126 127 123
usemtl gold
f 124 123 127 128
usemtl gold
f 125 126 122 121
usemtl gold
f 129 130 131 132
usemtl gold
f 134 133 136 135
usemtl gold
f 133 129 132 136
usemtl gold
f 130 134 135 131
usemtl gold
f 132 131 135 136
usemtl gold
f 133 134 130 129
usemtl gold
f 137 138 139 140
usemtl gold
f 142 141 144 143
usemtl gold
f 141 137 140 144
usemtl gold
f 138 142 143 139
usemtl gold
f 140 139 143 144
usemtl gold
f 141 142 138 137
usemtl gold
f 145 146 147 148
usemtl gold
f 150 149 152 151
usemtl gold
f 149 145 148 152
usemtl gold
f 146 150 151 147
usemtl gold
f 148 147 151 152
usemtl gold
f 149 150 146 145
usemtl gold
f 153 154 155 156
usemtl gold
f 158 157 160 159
usemtl gold
f 157 153 156 160
usemtl gold
f 154 158 159 155
usemtl gold
f 156 155 159 160
usemtl gold
f 157 158 154 153
usemtl gold
f 161 162 163 164
usemtl gold
f 166 165 168 167
usemtl gold
f 165 161 164 168
usemtl gold
f 162 166 167 163
usemtl gold
f 164 163 167 168
usemtl gold
f 165 166 162 161
usemtl gold
f 169 170 171 172
usemtl gold
f 174 173 176 175
usemtl gold
f 173 169 172 176
usemtl gold
f 170 174 175 171
usemtl gold
f 172 171 175 176
usemtl gold
f 173 174 170 169
usemtl gold
f 177 178 179 180
usemtl gold
f 182 181 184 183
usemtl gold
f 181 177 180 184
usemtl gold
f 178 182 183 179
usemtl gold
f 180 179 183 184
usemtl gold
f 181 182 178 177
usemtl gold
f 185 186 187 188
usemtl gold
f 190 189 192 191
usemtl gold
f 189 185 188 192
usemtl gold
f 186 190 191 187
usemtl gold
f 188 187 191 192
usemtl gold
f 189 190 186 185
usemtl gold
f 193 194 195 196
usemtl gold
f 198 197 200 199
usemtl gold
f 197 193 196 200
usemtl gold
f 194 198 199 195
usemtl gold
f 196 195 199 200
usemtl gold
f 197 198 194 193
usemtl gold
f 201 202 203 204
usemtl gold
f 206 205 208 207
usemtl gold
f 205 201 204 208
usemtl gold
f 202 206 207 203
usemtl gold
f 204 203 207 208
usemtl gold
f 205 206 202 201
usemtl gold
f 209 210 211 212
usemtl gold
f 214 213 216 215
usemtl gold
f 213 209 212 216
usemtl gold
f 210 214 215 211
usemtl gold
f 212 211 215 216
usemtl gold
f 213 214 210 209
usemtl gold
f 217 218 219 220
usemtl gold
f 222 221 224 223
usemtl gold
f 221 217 220 224
usemtl gold
f 218 222 223 219
usemtl gold
f 220 219 223 224
usemtl gold
f 221 222 218 217
usemtl gold
f 225 226 227 228
usemtl gold
f 230 229 232 231
usemtl gold
f 229 225 228 232
usemtl gold
f 226 230 231 227
usemtl gold
f 228 227 231 232
usemtl gold
f 229 230 226 225
usemtl gold
f 233 234 235 236
usemtl gold
f 238 237 240 239
usemtl gold
f 237 233 236 240
usemtl gold
f 234 238 239 235
usemtl gold
f 236 235 239 240
usemtl gold
f 237 238 234 233
usemtl gold
f 241 242 243 244
usemtl gold
f 246 245 248 247
usemtl gold
f 245 241 244 248
usemtl gold
f 242 246 247 243
usemtl gold
f 244 243 247 248
usemtl gold
f 245 246 242 241
usemtl gold
f 249 250 251 252
usemtl gold
f 254 253 256 255
usemtl gold
f 253 249 252 256
usemtl gold
f 250 254 255 251
usemtl gold
f 252 251 255 256
usemtl gold
f 253 254 250 249
usemtl gold
f 257 258 259 260
usemtl gold
f 262 261 264 263
usemtl gold
f 261 257 260 264
usemtl gold
f 258 262 263 259
usemtl gold
f 260 259 263 264
usemtl gold
f 261 262 258 257
usemtl gold
f 265 266 267 268
usemtl gold
f 270 269 272 271
usemtl gold
f 269 265 268 272
usemtl gold
f 266 270 271 267
usemtl gold
f 268 267 271 272
usemtl gold
f 269 270 266 265
usemtl gold
f 273 274 275 276
usemtl gold
f 278 277 280 279
usemtl gold
f 277 273 276 280
usemtl gold
f 274 278 279 275
usemtl gold
f 276 275 279 280
usemtl gold
f 277 278 274 273
usemtl gold
f 281 282 283 284
usemtl gold
f 286 285 288 287
usemtl gold
f 285 281 284 288
usemtl gold
f 282 286 287 283
usemtl gold
f 284 283 287 288
usemtl gold
f 285 286 282 281
usemtl gold
f 289 290 291 292
usemtl gold
f 294 293 296 295
usemtl gold
f 293 289 292 296
usemtl gold
f 290 294 295 291
usemtl gold
f 292 291 295 296
usemtl gold
f 293 294 290 289
o north_wall
usemtl cream
f 297 298 299 300
usemtl cream
f 302 301 304 303
usemtl cream
f 301 297 300 304
usemtl cream
f 298 302 303 299
usemtl cream
f 300 299 303 304
usemtl cream
f 301 302 298 297
o south_wall
usemtl cream
f 305 306 307 308
usemtl cream
f 310 309 312 311
usemtl cream
f 309 305 308 312
usemtl cream
f 306 310 311 307
usemtl cream
f 308 307 311 312
usemtl cream
f 309 310 306 305
o vaulted_ceiling
usemtl ceiling
f 313 314 315 316
usemtl ceiling
f 318 317 320 319
usemtl ceiling
f 317 313 316 320
usemtl ceiling
f 314 318 319 315
usemtl ceiling
f 316 315 319 320
usemtl ceiling
f 317 318 314 313
o arched_window
usemtl window
f 321 322 323 324
usemtl window
f 326 325 328 327
usemtl window
f 325 321 324 328
usemtl window
f 322 326 327 323
usemtl window
f 324 323 327 328
usemtl window
f 325 326 322 321
o mirror_panel
usemtl mirror
f 329 330 331 332
usemtl mirror
f 334 333 336 335
usemtl mirror
f 333 329 332 336
usemtl mirror
f 330 334 335 331
usemtl mirror
f 332 331 335 336
usemtl mirror
f 333 334 330 329
o gilded_pilaster
usemtl gold
f 337 339 340 338
usemtl gold
f 339 341 342 340
usemtl gold
f 341 343 344 342
usemtl gold
f 343 345 346 344
usemtl gold
f 345 347 348 346
usemtl gold
f 347 349 350 348
usemtl gold
f 349 351 352 350
usemtl gold
f 351 353 354 352
usemtl gold
f 353 355 356 354
usemtl gold
f 355 357 358 356
usemtl gold
f 357 359 360 358
usemtl gold
f 359 361 362 360
usemtl gold
f 361 363 364 362
usemtl gold
f 363 365 366 364
usemtl gold
f 365 367 368 366
usemtl gold
f 367 337 338 368
usemtl gold
f 367 365 363 361 359 357 355 353 351 349 347 345 343 341 339 337
usemtl gold
f 338 340 342 344 346 348 350 352 354 356 358 360 362 364 366 368
usemtl gold
f 369 371 372 370
usemtl gold
f 371 373 374 372
usemtl gold
f 373 375 376 374
usemtl gold
f 375 377 378 376
usemtl gold
f 377 379 380 378
usemtl gold
f 379 381 382 380
usemtl gold
f 381 383 384 382
usemtl gold
f 383 385 386 384
usemtl gold
f 385 387 388 386
usemtl gold
f 387 389 390 388
usemtl gold
f 389 391 392 390
usemtl gold
f 391 393 394 392
usemtl gold
f 393 395 396 394
usemtl gold
f 395 397 398 396
usemtl gold
f 397 399 400 398
usemtl gold
f 399 369 370 400
usemtl gold
f 399 397 395 393 391 389 387 385 383 381 379 377 375 373 371 369
usemtl gold
f 370 372 374 376 378 380 382 384 386 388 390 392 394 396 398 400
o arched_window
usemtl window
f 401 402 403 404
usemtl window
f 406 405 408 407
usemtl window
f 405 401 404 408
usemtl window
f 402 406 407 403
usemtl window
f 404 403 407 408
usemtl window
f 405 406 402 401
o mirror_panel
usemtl mirror
f 409 410 411 412
usemtl mirror
f 414 413 416 415
usemtl mirror
f 413 409 412 416
usemtl mirror
f 410 414 415 411
usemtl mirror
f 412 411 415 416
usemtl mirror
f 413 414 410 409
o gilded_pilaster
usemtl gold
f 417 419 420 418
usemtl gold
f 419 421 422 420
usemtl gold
f 421 423 424 422
usemtl gold
f 423 425 426 424
usemtl gold
f 425 427 428 426
usemtl gold
f 427 429 430 428
usemtl gold
f 429 431 432 430
usemtl gold
f 431 433 434 432
usemtl gold
f 433 435 436 434
usemtl gold
f 435 437 438 436
usemtl gold
f 437 439 440 438
usemtl gold
f 439 441 442 440
usemtl gold
f 441 443 444 442
usemtl gold
f 443 445 446 444
usemtl gold
f 445 447 448 446
usemtl gold
f 447 417 418 448
usemtl gold
f 447 445 443 441 439 437 435 433 431 429 427 425 423 421 419 417
usemtl gold
f 418 420 422 424 426 428 430 432 434 436 438 440 442 444 446 448
usemtl gold
f 449 451 452 450
usemtl gold
f 451 453 454 452
usemtl gold
f 453 455 456 454
usemtl gold
f 455 457 458 456
usemtl gold
f 457 459 460 458
usemtl gold
f 459 461 462 460
usemtl gold
f 461 463 464 462
usemtl gold
f 463 465 466 464
usemtl gold
f 465 467 468 466
usemtl gold
f 467 469 470 468
usemtl gold
f 469 471 472 470
usemtl gold
f 471 473 474 472
usemtl gold
f 473 475 476 474
usemtl gold
f 475 477 478 476
usemtl gold
f 477 479 480 478
usemtl gold
f 479 449 450 480
usemtl gold
f 479 477 475 473 471 469 467 465 463 461 459 457 455 453 451 449
usemtl gold
f 450 452 454 456 458 460 462 464 466 468 470 472 474 476 478 480
o arched_window
usemtl window
f 481 482 483 484
usemtl window
f 486 485 488 487
usemtl window
f 485 481 484 488
usemtl window
f 482 486 487 483
usemtl window
f 484 483 487 488
usemtl window
f 485 486 482 481
o mirror_panel
usemtl mirror
f 489 490 491 492
usemtl mirror
f 494 493 496 495
usemtl mirror
f 493 489 492 496
usemtl mirror
f 490 494 495 491
usemtl mirror
f 492 491 495 496
usemtl mirror
f 493 494 490 489
o gilded_pilaster
usemtl gold
f 497 499 500 498
usemtl gold
f 499 501 502 500
usemtl gold
f 501 503 504 502
usemtl gold
f 503 505 506 504
usemtl gold
f 505 507 508 506
usemtl gold
f 507 509 510 508
usemtl gold
f 509 511 512 510
usemtl gold
f 511 513 514 512
usemtl gold
f 513 515 516 514
usemtl gold
f 515 517 518 516
usemtl gold
f 517 519 520 518
usemtl gold
f 519 521 522 520
usemtl gold
f 521 523 524 522
usemtl gold
f 523 525 526 524
usemtl gold
f 525 527 528 526
usemtl gold
f 527 497 498 528
usemtl gold
f 527 525 523 521 519 517 515 513 511 509 507 505 503 501 499 497
usemtl gold
f 498 500 502 504 506 508 510 512 514 516 518 520 522 524 526 528
usemtl gold
f 529 531 532 530
usemtl gold
f 531 533 534 532
usemtl gold
f 533 535 536 534
usemtl gold
f 535 537 538 536
usemtl gold
f 537 539 540 538
usemtl gold
f 539 541 542 540
usemtl gold
f 541 543 544 542
usemtl gold
f 543 545 546 544
usemtl gold
f 545 547 548 546
usemtl gold
f 547 549 550 548
usemtl gold
f 549 551 552 550
usemtl gold
f 551 553 554 552
usemtl gold
f 553 555 556 554
usemtl gold
f 555 557 558 556
usemtl gold
f 557 559 560 558
usemtl gold
f 559 529 530 560
usemtl gold
f 559 557 555 553 551 549 547 545 543 541 539 537 535 533 531 529
usemtl gold
f 530 532 534 536 538 540 542 544 546 548 550 552 554 556 558 560
o arched_window
usemtl window
f 561 562 563 564
usemtl window
f 566 565 568 567
usemtl window
f 565 561 564 568
usemtl window
f 562 566 567 563
usemtl window
f 564 563 567 568
usemtl window
f 565 566 562 561
o mirror_panel
usemtl mirror
f 569 570 571 572
usemtl mirror
f 574 573 576 575
usemtl mirror
f 573 569 572 576
usemtl mirror
f 570 574 575 571
usemtl mirror
f 572 571 575 576
usemtl mirror
f 573 574 570 569
o gilded_pilaster
usemtl gold
f 577 579 580 578
usemtl gold
f 579 581 582 580
usemtl gold
f 581 583 584 582
usemtl gold
f 583 585 586 584
usemtl gold
f 585 587 588 586
usemtl gold
f 587 589 590 588
usemtl gold
f 589 591 592 590
usemtl gold
f 591 593 594 592
usemtl gold
f 593 595 596 594
usemtl gold
f 595 597 598 596
usemtl gold
f 597 599 600 598
usemtl gold
f 599 601 602 600
usemtl gold
f 601 603 604 602
usemtl gold
f 603 605 606 604
usemtl gold
f 605 607 608 606
usemtl gold
f 607 577 578 608
usemtl gold
f 607 605 603 601 599 597 595 593 591 589 587 585 583 581 579 577
usemtl gold
f 578 580 582 584 586 588 590 592 594 596 598 600 602 604 606 608
usemtl gold
f 609 611 612 610
usemtl gold
f 611 613 614 612
usemtl gold
f 613 615 616 614
usemtl gold
f 615 617 618 616
usemtl gold
f 617 619 620 618
usemtl gold
f 619 621 622 620
usemtl gold
f 621 623 624 622
usemtl gold
f 623 625 626 624
usemtl gold
f 625 627 628 626
usemtl gold
f 627 629 630 628
usemtl gold
f 629 631 632 630
usemtl gold
f 631 633 634 632
usemtl gold
f 633 635 636 634
usemtl gold
f 635 637 638 636
usemtl gold
f 637 639 640 638
usemtl gold
f 639 609 610 640
usemtl gold
f 639 637 635 633 631 629 627 625 623 621 619 617 615 613 611 609
usemtl gold
f 610 612 614 616 618 620 622 624 626 628 630 632 634 636 638 640
o arched_window
usemtl window
f 641 642 643 644
usemtl window
f 646 645 648 647
usemtl window
f 645 641 644 648
usemtl window
f 642 646 647 643
usemtl window
f 644 643 647 648
usemtl window
f 645 646 642 641
o mirror_panel
usemtl mirror
f 649 650 651 652
usemtl mirror
f 654 653 656 655
usemtl mirror
f 653 649 652 656
usemtl mirror
f 650 654 655 651
usemtl mirror
f 652 651 655 656
usemtl mirror
f 653 654 650 649
o gilded_pilaster
usemtl gold
f 657 659 660 658
usemtl gold
f 659 661 662 660
usemtl gold
f 661 663 664 662
usemtl gold
f 663 665 666 664
usemtl gold
f 665 667 668 666
usemtl gold
f 667 669 670 668
usemtl gold
f 669 671 672 670
usemtl gold
f 671 673 674 672
usemtl gold
f 673 675 676 674
usemtl gold
f 675 677 678 676
usemtl gold
f 677 679 680 678
usemtl gold
f 679 681 682 680
usemtl gold
f 681 683 684 682
usemtl gold
f 683 685 686 684
usemtl gold
f 685 687 688 686
usemtl gold
f 687 657 658 688
usemtl gold
f 687 685 683 681 679 677 675 673 671 669 667 665 663 661 659 657
usemtl gold
f 658 660 662 664 666 668 670 672 674 676 678 680 682 684 686 688
usemtl gold
f 689 691 692 690
usemtl gold
f 691 693 694 692
usemtl gold
f 693 695 696 694
usemtl gold
f 695 697 698 696
usemtl gold
f 697 699 700 698
usemtl gold
f 699 701 702 700
usemtl gold
f 701 703 704 702
usemtl gold
f 703 705 706 704
usemtl gold
f 705 707 708 706
usemtl gold
f 707 709 710 708
usemtl gold
f 709 711 712 710
usemtl gold
f 711 713 714 712
usemtl gold
f 713 715 716 714
usemtl gold
f 715 717 718 716
usemtl gold
f 717 719 720 718
usemtl gold
f 719 689 690 720
usemtl gold
f 719 717 715 713 711 709 707 705 703 701 699 697 695 693 691 689
usemtl gold
f 690 692 694 696 698 700 702 704 706 708 710 712 714 716 718 720
o arched_window
usemtl window
f 721 722 723 724
usemtl window
f 726 725 728 727
usemtl window
f 725 721 724 728
usemtl window
f 722 726 727 723
usemtl window
f 724 723 727 728
usemtl window
f 725 726 722 721
o mirror_panel
usemtl mirror
f 729 730 731 732
usemtl mirror
f 734 733 736 735
usemtl mirror
f 733 729 732 736
usemtl mirror
f 730 734 735 731
usemtl mirror
f 732 731 735 736
usemtl mirror
f 733 734 730 729
o gilded_pilaster
usemtl gold
f 737 739 740 738
usemtl gold
f 739 741 742 740
usemtl gold
f 741 743 744 742
usemtl gold
f 743 745 746 744
usemtl gold
f 745 747 748 746
usemtl gold
f 747 749 750 748
usemtl gold
f 749 751 752 750
usemtl gold
f 751 753 754 752
usemtl gold
f 753 755 756 754
usemtl gold
f 755 757 758 756
usemtl gold
f 757 759 760 758
usemtl gold
f 759 761 762 760
usemtl gold
f 761 763 764 762
usemtl gold
f 763 765 766 764
usemtl gold
f 765 767 768 766
usemtl gold
f 767 737 738 768
usemtl gold
f 767 765 763 761 759 757 755 753 751 749 747 745 743 741 739 737
usemtl gold
f 738 740 742 744 746 748 750 752 754 756 758 760 762 764 766 768
usemtl gold
f 769 771 772 770
usemtl gold
f 771 773 774 772
usemtl gold
f 773 775 776 774
usemtl gold
f 775 777 778 776
usemtl gold
f 777 779 780 778
usemtl gold
f 779 781 782 780
usemtl gold
f 781 783 784 782
usemtl gold
f 783 785 786 784
usemtl gold
f 785 787 788 786
usemtl gold
f 787 789 790 788
usemtl gold
f 789 791 792 790
usemtl gold
f 791 793 794 792
usemtl gold
f 793 795 796 794
usemtl gold
f 795 797 798 796
usemtl gold
f 797 799 800 798
usemtl gold
f 799 769 770 800
usemtl gold
f 799 797 795 793 791 789 787 785 783 781 779 777 775 773 771 769
usemtl gold
f 770 772 774 776 778 780 782 784 786 788 790 792 794 796 798 800
o arched_window
usemtl window
f 801 802 803 804
usemtl window
f 806 805 808 807
usemtl window
f 805 801 804 808
usemtl window
f 802 806 807 803
usemtl window
f 804 803 807 808
usemtl window
f 805 806 802 801
o mirror_panel
usemtl mirror
f 809 810 811 812
usemtl mirror
f 814 813 816 815
usemtl mirror
f 813 809 812 816
usemtl mirror
f 810 814 815 811
usemtl mirror
f 812 811 815 816
usemtl mirror
f 813 814 810 809
o gilded_pilaster
usemtl gold
f 817 819 820 818
usemtl gold
f 819 821 822 820
usemtl gold
f 821 823 824 822
usemtl gold
f 823 825 826 824
usemtl gold
f 825 827 828 826
usemtl gold
f 827 829 830 828
usemtl gold
f 829 831 832 830
usemtl gold
f 831 833 834 832
usemtl gold
f 833 835 836 834
usemtl gold
f 835 837 838 836
usemtl gold
f 837 839 840 838
usemtl gold
f 839 841 842 840
usemtl gold
f 841 843 844 842
usemtl gold
f 843 845 846 844
usemtl gold
f 845 847 848 846
usemtl gold
f 847 817 818 848
usemtl gold
f 847 845 843 841 839 837 835 833 831 829 827 825 823 821 819 817
usemtl gold
f 818 820 822 824 826 828 830 832 834 836 838 840 842 844 846 848
usemtl gold
f 849 851 852 850
usemtl gold
f 851 853 854 852
usemtl gold
f 853 855 856 854
usemtl gold
f 855 857 858 856
usemtl gold
f 857 859 860 858
usemtl gold
f 859 861 862 860
usemtl gold
f 861 863 864 862
usemtl gold
f 863 865 866 864
usemtl gold
f 865 867 868 866
usemtl gold
f 867 869 870 868
usemtl gold
f 869 871 872 870
usemtl gold
f 871 873 874 872
usemtl gold
f 873 875 876 874
usemtl gold
f 875 877 878 876
usemtl gold
f 877 879 880 878
usemtl gold
f 879 849 850 880
usemtl gold
f 879 877 875 873 871 869 867 865 863 861 859 857 855 853 851 849
usemtl gold
f 850 852 854 856 858 860 862 864 866 868 870 872 874 876 878 880
o arched_window
usemtl window
f 881 882 883 884
usemtl window
f 886 885 888 887
usemtl window
f 885 881 884 888
usemtl window
f 882 886 887 883
usemtl window
f 884 883 887 888
usemtl window
f 885 886 882 881
o mirror_panel
usemtl mirror
f 889 890 891 892
usemtl mirror
f 894 893 896 895
usemtl mirror
f 893 889 892 896
usemtl mirror
f 890 894 895 891
usemtl mirror
f 892 891 895 896
usemtl mirror
f 893 894 890 889
o gilded_pilaster
usemtl gold
f 897 899 900 898
usemtl gold
f 899 901 902 900
usemtl gold
f 901 903 904 902
usemtl gold
f 903 905 906 904
usemtl gold
f 905 907 908 906
usemtl gold
f 907 909 910 908
usemtl gold
f 909 911 912 910
usemtl gold
f 911 913 914 912
usemtl gold
f 913 915 916 914
usemtl gold
f 915 917 918 916
usemtl gold
f 917 919 920 918
usemtl gold
f 919 921 922 920
usemtl gold
f 921 923 924 922
usemtl gold
f 923 925 926 924
usemtl gold
f 925 927 928 926
usemtl gold
f 927 897 898 928
usemtl gold
f 927 925 923 921 919 917 915 913 911 909 907 905 903 901 899 897
usemtl gold
f 898 900 902 904 906 908 910 912 914 916 918 920 922 924 926 928
usemtl gold
f 929 931 932 930
usemtl gold
f 931 933 934 932
usemtl gold
f 933 935 936 934
usemtl gold
f 935 937 938 936
usemtl gold
f 937 939 940 938
usemtl gold
f 939 941 942 940
usemtl gold
f 941 943 944 942
usemtl gold
f 943 945 946 944
usemtl gold
f 945 947 948 946
usemtl gold
f 947 949 950 948
usemtl gold
f 949 951 952 950
usemtl gold
f 951 953 954 952
usemtl gold
f 953 955 956 954
usemtl gold
f 955 957 958 956
usemtl gold
f 957 959 960 958
usemtl gold
f 959 929 930 960
usemtl gold
f 959 957 955 953 951 949 947 945 943 941 939 937 935 933 931 929
usemtl gold
f 930 932 934 936 938 940 942 944 946 948 950 952 954 956 958 960
o arched_window
usemtl window
f 961 962 963 964
usemtl window
f 966 965 968 967
usemtl window
f 965 961 964 968
usemtl window
f 962 966 967 963
usemtl window
f 964 963 967 968
usemtl window
f 965 966 962 961
o mirror_panel
usemtl mirror
f 969 970 971 972
usemtl mirror
f 974 973 976 975
usemtl mirror
f 973 969 972 976
usemtl mirror
f 970 974 975 971
usemtl mirror
f 972 971 975 976
usemtl mirror
f 973 974 970 969
o gilded_pilaster
usemtl gold
f 977 979 980 978
usemtl gold
f 979 981 982 980
usemtl gold
f 981 983 984 982
usemtl gold
f 983 985 986 984
usemtl gold
f 985 987 988 986
usemtl gold
f 987 989 990 988
usemtl gold
f 989 991 992 990
usemtl gold
f 991 993 994 992
usemtl gold
f 993 995 996 994
usemtl gold
f 995 997 998 996
usemtl gold
f 997 999 1000 998
usemtl gold
f 999 1001 1002 1000
usemtl gold
f 1001 1003 1004 1002
usemtl gold
f 1003 1005 1006 1004
usemtl gold
f 1005 1007 1008 1006
usemtl gold
f 1007 977 978 1008
usemtl gold
f 1007 1005 1003 1001 999 997 995 993 991 989 987 985 983 981 979 977
usemtl gold
f 978 980 982 984 986 988 990 992 994 996 998 1000 1002 1004 1006 1008
usemtl gold
f 1009 1011 1012 1010
usemtl gold
f 1011 1013 1014 1012
usemtl gold
f 1013 1015 1016 1014
usemtl gold
f 1015 1017 1018 1016
usemtl gold
f 1017 1019 1020 1018
usemtl gold
f 1019 1021 1022 1020
usemtl gold
f 1021 1023 1024 1022
usemtl gold
f 1023 1025 1026 1024
usemtl gold
f 1025 1027 1028 1026
usemtl gold
f 1027 1029 1030 1028
usemtl gold
f 1029 1031 1032 1030
usemtl gold
f 1031 1033 1034 1032
usemtl gold
f 1033 1035 1036 1034
usemtl gold
f 1035 1037 1038 1036
usemtl gold
f 1037 1039 1040 1038
usemtl gold
f 1039 1009 1010 1040
usemtl gold
f 1039 1037 1035 1033 1031 1029 1027 1025 1023 1021 1019 1017 1015 1013 1011 1009
usemtl gold
f 1010 1012 1014 1016 1018 1020 1022 1024 1026 1028 1030 1032 1034 1036 1038 1040
o arched_window
usemtl window
f 1041 1042 1043 1044
usemtl window
f 1046 1045 1048 1047
usemtl window
f 1045 1041 1044 1048
usemtl window
f 1042 1046 1047 1043
usemtl window
f 1044 1043 1047 1048
usemtl window
f 1045 1046 1042 1041
o mirror_panel
usemtl mirror
f 1049 1050 1051 1052
usemtl mirror
f 1054 1053 1056 1055
usemtl mirror
f 1053 1049 1052 1056
usemtl mirror
f 1050 1054 1055 1051
usemtl mirror
f 1052 1051 1055 1056
usemtl mirror
f 1053 1054 1050 1049
o gilded_pilaster
usemtl gold
f 1057 1059 1060 1058
usemtl gold
f 1059 1061 1062 1060
usemtl gold
f 1061 1063 1064 1062
usemtl gold
f 1063 1065 1066 1064
usemtl gold
f 1065 1067 1068 1066
usemtl gold
f 1067 1069 1070 1068
usemtl gold
f 1069 1071 1072 1070
usemtl gold
f 1071 1073 1074 1072
usemtl gold
f 1073 1075 1076 1074
usemtl gold
f 1075 1077 1078 1076
usemtl gold
f 1077 1079 1080 1078
usemtl gold
f 1079 1081 1082 1080
usemtl gold
f 1081 1083 1084 1082
usemtl gold
f 1083 1085 1086 1084
usemtl gold
f 1085 1087 1088 1086
usemtl gold
f 1087 1057 1058 1088
usemtl gold
f 1087 1085 1083 1081 1079 1077 1075 1073 1071 1069 1067 1065 1063 1061 1059 1057
usemtl gold
f 1058 1060 1062 1064 1066 1068 1070 1072 1074 1076 1078 1080 1082 1084 1086 1088
usemtl gold
f 1089 1091 1092 1090
usemtl gold
f 1091 1093 1094 1092
usemtl gold
f 1093 1095 1096 1094
usemtl gold
f 1095 1097 1098 1096
usemtl gold
f 1097 1099 1100 1098
usemtl gold
f 1099 1101 1102 1100
usemtl gold
f 1101 1103 1104 1102
usemtl gold
f 1103 1105 1106 1104
usemtl gold
f 1105 1107 1108 1106
usemtl gold
f 1107 1109 1110 1108
usemtl gold
f 1109 1111 1112 1110
usemtl gold
f 1111 1113 1114 1112
usemtl gold
f 1113 1115 1116 1114
usemtl gold
f 1115 1117 1118 1116
usemtl gold
f 1117 1119 1120 1118
usemtl gold
f 1119 1089 1090 1120
usemtl gold
f 1119 1117 1115 1113 1111 1109 1107 1105 1103 1101 1099 1097 1095 1093 1091 1089
usemtl gold
f 1090 1092 1094 1096 1098 1100 1102 1104 1106 1108 1110 1112 1114 1116 1118 1120
o arched_window
usemtl window
f 1121 1122 1123 1124
usemtl window
f 1126 1125 1128 1127
usemtl window
f 1125 1121 1124 1128
usemtl window
f 1122 1126 1127 1123
usemtl window
f 1124 1123 1127 1128
usemtl window
f 1125 1126 1122 1121
o mirror_panel
usemtl mirror
f 1129 1130 1131 1132
usemtl mirror
f 1134 1133 1136 1135
usemtl mirror
f 1133 1129 1132 1136
usemtl mirror
f 1130 1134 1135 1131
usemtl mirror
f 1132 1131 1135 1136
usemtl mirror
f 1133 1134 1130 1129
o gilded_pilaster
usemtl gold
f 1137 1139 1140 1138
usemtl gold
f 1139 1141 1142 1140
usemtl gold
f 1141 1143 1144 1142
usemtl gold
f 1143 1145 1146 1144
usemtl gold
f 1145 1147 1148 1146
usemtl gold
f 1147 1149 1150 1148
usemtl gold
f 1149 1151 1152 1150
usemtl gold
f 1151 1153 1154 1152
usemtl gold
f 1153 1155 1156 1154
usemtl gold
f 1155 1157 1158 1156
usemtl gold
f 1157 1159 1160 1158
usemtl gold
f 1159 1161 1162 1160
usemtl gold
f 1161 1163 1164 1162
usemtl gold
f 1163 1165 1166 1164
usemtl gold
f 1165 1167 1168 1166
usemtl gold
f 1167 1137 1138 1168
usemtl gold
f 1167 1165 1163 1161 1159 1157 1155 1153 1151 1149 1147 1145 1143 1141 1139 1137
usemtl gold
f 1138 1140 1142 1144 1146 1148 1150 1152 1154 1156 1158 1160 1162 1164 1166 1168
usemtl gold
f 1169 1171 1172 1170
usemtl gold
f 1171 1173 1174 1172
usemtl gold
f 1173 1175 1176 1174
usemtl gold
f 1175 1177 1178 1176
usemtl gold
f 1177 1179 1180 1178
usemtl gold
f 1179 1181 1182 1180
usemtl gold
f 1181 1183 1184 1182
usemtl gold
f 1183 1185 1186 1184
usemtl gold
f 1185 1187 1188 1186
usemtl gold
f 1187 1189 1190 1188
usemtl gold
f 1189 1191 1192 1190
usemtl gold
f 1191 1193 1194 1192
usemtl gold
f 1193 1195 1196 1194
usemtl gold
f 1195 1197 1198 1196
usemtl gold
f 1197 1199 1200 1198
usemtl gold
f 1199 1169 1170 1200
usemtl gold
f 1199 1197 1195 1193 1191 1189 1187 1185 1183 1181 1179 1177 1175 1173 1171 1169
usemtl gold
f 1170 1172 1174 1176 1178 1180 1182 1184 1186 1188 1190 1192 1194 1196 1198 1200
o arched_window
usemtl window
f 1201 1202 1203 1204
usemtl window
f 1206 1205 1208 1207
usemtl window
f 1205 1201 1204 1208
usemtl window
f 1202 1206 1207 1203
usemtl window
f 1204 1203 1207 1208
usemtl window
f 1205 1206 1202 1201
o mirror_panel
usemtl mirror
f 1209 1210 1211 1212
usemtl mirror
f 1214 1213 1216 1215
usemtl mirror
f 1213 1209 1212 1216
usemtl mirror
f 1210 1214 1215 1211
usemtl mirror
f 1212 1211 1215 1216
usemtl mirror
f 1213 1214 1210 1209
o gilded_pilaster
usemtl gold
f 1217 1219 1220 1218
usemtl gold
f 1219 1221 1222 1220
usemtl gold
f 1221 1223 1224 1222
usemtl gold
f 1223 1225 1226 1224
usemtl gold
f 1225 1227 1228 1226
usemtl gold
f 1227 1229 1230 1228
usemtl gold
f 1229 1231 1232 1230
usemtl gold
f 1231 1233 1234 1232
usemtl gold
f 1233 1235 1236 1234
usemtl gold
f 1235 1237 1238 1236
usemtl gold
f 1237 1239 1240 1238
usemtl gold
f 1239 1241 1242 1240
usemtl gold
f 1241 1243 1244 1242
usemtl gold
f 1243 1245 1246 1244
usemtl gold
f 1245 1247 1248 1246
usemtl gold
f 1247 1217 1218 1248
usemtl gold
f 1247 1245 1243 1241 1239 1237 1235 1233 1231 1229 1227 1225 1223 1221 1219 1217
usemtl gold
f 1218 1220 1222 1224 1226 1228 1230 1232 1234 1236 1238 1240 1242 1244 1246 1248
usemtl gold
f 1249 1251 1252 1250
usemtl gold
f 1251 1253 1254 1252
usemtl gold
f 1253 1255 1256 1254
usemtl gold
f 1255 1257 1258 1256
usemtl gold
f 1257 1259 1260 1258
usemtl gold
f 1259 1261 1262 1260
usemtl gold
f 1261 1263 1264 1262
usemtl gold
f 1263 1265 1266 1264
usemtl gold
f 1265 1267 1268 1266
usemtl gold
f 1267 1269 1270 1268
usemtl gold
f 1269 1271 1272 1270
usemtl gold
f 1271 1273 1274 1272
usemtl gold
f 1273 1275 1276 1274
usemtl gold
f 1275 1277 1278 1276
usemtl gold
f 1277 1279 1280 1278
usemtl gold
f 1279 1249 1250 1280
usemtl gold
f 1279 1277 1275 1273 1271 1269 1267 1265 1263 1261 1259 1257 1255 1253 1251 1249
usemtl gold
f 1250 1252 1254 1256 1258 1260 1262 1264 1266 1268 1270 1272 1274 1276 1278 1280
o arched_window
usemtl window
f 1281 1282 1283 1284
usemtl window
f 1286 1285 1288 1287
usemtl window
f 1285 1281 1284 1288
usemtl window
f 1282 1286 1287 1283
usemtl window
f 1284 1283 1287 1288
usemtl window
f 1285 1286 1282 1281
o mirror_panel
usemtl mirror
f 1289 1290 1291 1292
usemtl mirror
f 1294 1293 1296 1295
usemtl mirror
f 1293 1289 1292 1296
usemtl mirror
f 1290 1294 1295 1291
usemtl mirror
f 1292 1291 1295 1296
usemtl mirror
f 1293 1294 1290 1289
o gilded_pilaster
usemtl gold
f 1297 1299 1300 1298
usemtl gold
f 1299 1301 1302 1300
usemtl gold
f 1301 1303 1304 1302
usemtl gold
f 1303 1305 1306 1304
usemtl gold
f 1305 1307 1308 1306
usemtl gold
f 1307 1309 1310 1308
usemtl gold
f 1309 1311 1312 1310
usemtl gold
f 1311 1313 1314 1312
usemtl gold
f 1313 1315 1316 1314
usemtl gold
f 1315 1317 1318 1316
usemtl gold
f 1317 1319 1320 1318
usemtl gold
f 1319 1321 1322 1320
usemtl gold
f 1321 1323 1324 1322
usemtl gold
f 1323 1325 1326 1324
usemtl gold
f 1325 1327 1328 1326
usemtl gold
f 1327 1297 1298 1328
usemtl gold
f 1327 1325 1323 1321 1319 1317 1315 1313 1311 1309 1307 1305 1303 1301 1299 1297
usemtl gold
f 1298 1300 1302 1304 1306 1308 1310 1312 1314 1316 1318 1320 1322 1324 1326 1328
usemtl gold
f 1329 1331 1332 1330
usemtl gold
f 1331 1333 1334 1332
usemtl gold
f 1333 1335 1336 1334
usemtl gold
f 1335 1337 1338 1336
usemtl gold
f 1337 1339 1340 1338
usemtl gold
f 1339 1341 1342 1340
usemtl gold
f 1341 1343 1344 1342
usemtl gold
f 1343 1345 1346 1344
usemtl gold
f 1345 1347 1348 1346
usemtl gold
f 1347 1349 1350 1348
usemtl gold
f 1349 1351 1352 1350
usemtl gold
f 1351 1353 1354 1352
usemtl gold
f 1353 1355 1356 1354
usemtl gold
f 1355 1357 1358 1356
usemtl gold
f 1357 1359 1360 1358
usemtl gold
f 1359 1329 1330 1360
usemtl gold
f 1359 1357 1355 1353 1351 1349 1347 1345 1343 1341 1339 1337 1335 1333 1331 1329
usemtl gold
f 1330 1332 1334 1336 1338 1340 1342 1344 1346 1348 1350 1352 1354 1356 1358 1360
o arched_window
usemtl window
f 1361 1362 1363 1364
usemtl window
f 1366 1365 1368 1367
usemtl window
f 1365 1361 1364 1368
usemtl window
f 1362 1366 1367 1363
usemtl window
f 1364 1363 1367 1368
usemtl window
f 1365 1366 1362 1361
o mirror_panel
usemtl mirror
f 1369 1370 1371 1372
usemtl mirror
f 1374 1373 1376 1375
usemtl mirror
f 1373 1369 1372 1376
usemtl mirror
f 1370 1374 1375 1371
usemtl mirror
f 1372 1371 1375 1376
usemtl mirror
f 1373 1374 1370 1369
o gilded_pilaster
usemtl gold
f 1377 1379 1380 1378
usemtl gold
f 1379 1381 1382 1380
usemtl gold
f 1381 1383 1384 1382
usemtl gold
f 1383 1385 1386 1384
usemtl gold
f 1385 1387 1388 1386
usemtl gold
f 1387 1389 1390 1388
usemtl gold
f 1389 1391 1392 1390
usemtl gold
f 1391 1393 1394 1392
usemtl gold
f 1393 1395 1396 1394
usemtl gold
f 1395 1397 1398 1396
usemtl gold
f 1397 1399 1400 1398
usemtl gold
f 1399 1401 1402 1400
usemtl gold
f 1401 1403 1404 1402
usemtl gold
f 1403 1405 1406 1404
usemtl gold
f 1405 1407 1408 1406
usemtl gold
f 1407 1377 1378 1408
usemtl gold
f 1407 1405 1403 1401 1399 1397 1395 1393 1391 1389 1387 1385 1383 1381 1379 1377
usemtl gold
f 1378 1380 1382 1384 1386 1388 1390 1392 1394 1396 1398 1400 1402 1404 1406 1408
usemtl gold
f 1409 1411 1412 1410
usemtl gold
f 1411 1413 1414 1412
usemtl gold
f 1413 1415 1416 1414
usemtl gold
f 1415 1417 1418 1416
usemtl gold
f 1417 1419 1420 1418
usemtl gold
f 1419 1421 1422 1420
usemtl gold
f 1421 1423 1424 1422
usemtl gold
f 1423 1425 1426 1424
usemtl gold
f 1425 1427 1428 1426
usemtl gold
f 1427 1429 1430 1428
usemtl gold
f 1429 1431 1432 1430
usemtl gold
f 1431 1433 1434 1432
usemtl gold
f 1433 1435 1436 1434
usemtl gold
f 1435 1437 1438 1436
usemtl gold
f 1437 1439 1440 1438
usemtl gold
f 1439 1409 1410 1440
usemtl gold
f 1439 1437 1435 1433 1431 1429 1427 1425 1423 1421 1419 1417 1415 1413 1411 1409
usemtl gold
f 1410 1412 1414 1416 1418 1420 1422 1424 1426 1428 1430 1432 1434 1436 1438 1440
o arched_window
usemtl window
f 1441 1442 1443 1444
usemtl window
f 1446 1445 1448 1447
usemtl window
f 1445 1441 1444 1448
usemtl window
f 1442 1446 1447 1443
usemtl window
f 1444 1443 1447 1448
usemtl window
f 1445 1446 1442 1441
o mirror_panel
usemtl mirror
f 1449 1450 1451 1452
usemtl mirror
f 1454 1453 1456 1455
usemtl mirror
f 1453 1449 1452 1456
usemtl mirror
f 1450 1454 1455 1451
usemtl mirror
f 1452 1451 1455 1456
usemtl mirror
f 1453 1454 1450 1449
o gilded_pilaster
usemtl gold
f 1457 1459 1460 1458
usemtl gold
f 1459 1461 1462 1460
usemtl gold
f 1461 1463 1464 1462
usemtl gold
f 1463 1465 1466 1464
usemtl gold
f 1465 1467 1468 1466
usemtl gold
f 1467 1469 1470 1468
usemtl gold
f 1469 1471 1472 1470
usemtl gold
f 1471 1473 1474 1472
usemtl gold
f 1473 1475 1476 1474
usemtl gold
f 1475 1477 1478 1476
usemtl gold
f 1477 1479 1480 1478
usemtl gold
f 1479 1481 1482 1480
usemtl gold
f 1481 1483 1484 1482
usemtl gold
f 1483 1485 1486 1484
usemtl gold
f 1485 1487 1488 1486
usemtl gold
f 1487 1457 1458 1488
usemtl gold
f 1487 1485 1483 1481 1479 1477 1475 1473 1471 1469 1467 1465 1463 1461 1459 1457
usemtl gold
f 1458 1460 1462 1464 1466 1468 1470 1472 1474 1476 1478 1480 1482 1484 1486 1488
usemtl gold
f 1489 1491 1492 1490
usemtl gold
f 1491 1493 1494 1492
usemtl gold
f 1493 1495 1496 1494
usemtl gold
f 1495 1497 1498 1496
usemtl gold
f 1497 1499 1500 1498
usemtl gold
f 1499 1501 1502 1500
usemtl gold
f 1501 1503 1504 1502
usemtl gold
f 1503 1505 1506 1504
usemtl gold
f 1505 1507 1508 1506
usemtl gold
f 1507 1509 1510 1508
usemtl gold
f 1509 1511 1512 1510
usemtl gold
f 1511 1513 1514 1512
usemtl gold
f 1513 1515 1516 1514
usemtl gold
f 1515 1517 1518 1516
usemtl gold
f 1517 1519 1520 1518
usemtl gold
f 1519 1489 1490 1520
usemtl gold
f 1519 1517 1515 1513 1511 1509 1507 1505 1503 1501 1499 1497 1495 1493 1491 1489
usemtl gold
f 1490 1492 1494 1496 1498 1500 1502 1504 1506 1508 1510 1512 1514 1516 1518 1520
o arched_window
usemtl window
f 1521 1522 1523 1524
usemtl window
f 1526 1525 1528 1527
usemtl window
f 1525 1521 1524 1528
usemtl window
f 1522 1526 1527 1523
usemtl window
f 1524 1523 1527 1528
usemtl window
f 1525 1526 1522 1521
o mirror_panel
usemtl mirror
f 1529 1530 1531 1532
usemtl mirror
f 1534 1533 1536 1535
usemtl mirror
f 1533 1529 1532 1536
usemtl mirror
f 1530 1534 1535 1531
usemtl mirror
f 1532 1531 1535 1536
usemtl mirror
f 1533 1534 1530 1529
o gilded_pilaster
usemtl gold
f 1537 1539 1540 1538
usemtl gold
f 1539 1541 1542 1540
usemtl gold
f 1541 1543 1544 1542
usemtl gold
f 1543 1545 1546 1544
usemtl gold
f 1545 1547 1548 1546
usemtl gold
f 1547 1549 1550 1548
usemtl gold
f 1549 1551 1552 1550
usemtl gold
f 1551 1553 1554 1552
usemtl gold
f 1553 1555 1556 1554
usemtl gold
f 1555 1557 1558 1556
usemtl gold
f 1557 1559 1560 1558
usemtl gold
f 1559 1561 1562 1560
usemtl gold
f 1561 1563 1564 1562
usemtl gold
f 1563 1565 1566 1564
usemtl gold
f 1565 1567 1568 1566
usemtl gold
f 1567 1537 1538 1568
usemtl gold
f 1567 1565 1563 1561 1559 1557 1555 1553 1551 1549 1547 1545 1543 1541 1539 1537
usemtl gold
f 1538 1540 1542 1544 1546 1548 1550 1552 1554 1556 1558 1560 1562 1564 1566 1568
usemtl gold
f 1569 1571 1572 1570
usemtl gold
f 1571 1573 1574 1572
usemtl gold
f 1573 1575 1576 1574
usemtl gold
f 1575 1577 1578 1576
usemtl gold
f 1577 1579 1580 1578
usemtl gold
f 1579 1581 1582 1580
usemtl gold
f 1581 1583 1584 1582
usemtl gold
f 1583 1585 1586 1584
usemtl gold
f 1585 1587 1588 1586
usemtl gold
f 1587 1589 1590 1588
usemtl gold
f 1589 1591 1592 1590
usemtl gold
f 1591 1593 1594 1592
usemtl gold
f 1593 1595 1596 1594
usemtl gold
f 1595 1597 1598 1596
usemtl gold
f 1597 1599 1600 1598
usemtl gold
f 1599 1569 1570 1600
usemtl gold
f 1599 1597 1595 1593 1591 1589 1587 1585 1583 1581 1579 1577 1575 1573 1571 1569
usemtl gold
f 1570 1572 1574 1576 1578 1580 1582 1584 1586 1588 1590 1592 1594 1596 1598 1600
o arched_window
usemtl window
f 1601 1602 1603 1604
usemtl window
f 1606 1605 1608 1607
usemtl window
f 1605 1601 1604 1608
usemtl window
f 1602 1606 1607 1603
usemtl window
f 1604 1603 1607 1608
usemtl window
f 1605 1606 1602 1601
o mirror_panel
usemtl mirror
f 1609 1610 1611 1612
usemtl mirror
f 1614 1613 1616 1615
usemtl mirror
f 1613 1609 1612 1616
usemtl mirror
f 1610 1614 1615 1611
usemtl mirror
f 1612 1611 1615 1616
usemtl mirror
f 1613 1614 1610 1609
o gilded_pilaster
usemtl gold
f 1617 1619 1620 1618
usemtl gold
f 1619 1621 1622 1620
usemtl gold
f 1621 1623 1624 1622
usemtl gold
f 1623 1625 1626 1624
usemtl gold
f 1625 1627 1628 1626
usemtl gold
f 1627 1629 1630 1628
usemtl gold
f 1629 1631 1632 1630
usemtl gold
f 1631 1633 1634 1632
usemtl gold
f 1633 1635 1636 1634
usemtl gold
f 1635 1637 1638 1636
usemtl gold
f 1637 1639 1640 1638
usemtl gold
f 1639 1641 1642 1640
usemtl gold
f 1641 1643 1644 1642
usemtl gold
f 1643 1645 1646 1644
usemtl gold
f 1645 1647 1648 1646
usemtl gold
f 1647 1617 1618 1648
usemtl gold
f 1647 1645 1643 1641 1639 1637 1635 1633 1631 1629 1627 1625 1623 1621 1619 1617
usemtl gold
f 1618 1620 1622 1624 1626 1628 1630 1632 1634 1636 1638 1640 1642 1644 1646 1648
usemtl gold
f 1649 1651 1652 1650
usemtl gold
f 1651 1653 1654 1652
usemtl gold
f 1653 1655 1656 1654
usemtl gold
f 1655 1657 1658 1656
usemtl gold
f 1657 1659 1660 1658
usemtl gold
f 1659 1661 1662 1660
usemtl gold
f 1661 1663 1664 1662
usemtl gold
f 1663 1665 1666 1664
usemtl gold
f 1665 1667 1668 1666
usemtl gold
f 1667 1669 1670 1668
usemtl gold
f 1669 1671 1672 1670
usemtl gold
f 1671 1673 1674 1672
usemtl gold
f 1673 1675 1676 1674
usemtl gold
f 1675 1677 1678 1676
usemtl gold
f 1677 1679 1680 1678
usemtl gold
f 1679 1649 1650 1680
usemtl gold
f 1679 1677 1675 1673 1671 1669 1667 1665 1663 1661 1659 1657 1655 1653 1651 1649
usemtl gold
f 1650 1652 1654 1656 1658 1660 1662 1664 1666 1668 1670 1672 1674 1676 1678 1680
o chandelier_chain
usemtl gold
f 1681 1683 1684 1682
usemtl gold
f 1683 1685 1686 1684
usemtl gold
f 1685 1687 1688 1686
usemtl gold
f 1687 1689 1690 1688
usemtl gold
f 1689 1691 1692 1690
usemtl gold
f 1691 1693 1694 1692
usemtl gold
f 1693 1695 1696 1694
usemtl gold
f 1695 1697 1698 1696
usemtl gold
f 1697 1699 1700 1698
usemtl gold
f 1699 1681 1682 1700
usemtl gold
f 1699 1697 1695 1693 1691 1689 1687 1685 1683 1681
usemtl gold
f 1682 1684 1686 1688 1690 1692 1694 1696 1698 1700
o crystal_chandelier
usemtl crystal
f 1701 1703 1704 1702
usemtl crystal
f 1703 1705 1706 1704
usemtl crystal
f 1705 1707 1708 1706
usemtl crystal
f 1707 1709 1710 1708
usemtl crystal
f 1709 1711 1712 1710
usemtl crystal
f 1711 1713 1714 1712
usemtl crystal
f 1713 1715 1716 1714
usemtl crystal
f 1715 1717 1718 1716
usemtl crystal
f 1717 1719 1720 1718
usemtl crystal
f 1719 1721 1722 1720
usemtl crystal
f 1721 1723 1724 1722
usemtl crystal
f 1723 1725 1726 1724
usemtl crystal
f 1725 1727 1728 1726
usemtl crystal
f 1727 1729 1730 1728
usemtl crystal
f 1729 1731 1732 1730
usemtl crystal
f 1731 1733 1734 1732
usemtl crystal
f 1733 1735 1736 1734
usemtl crystal
f 1735 1737 1738 1736
usemtl crystal
f 1737 1739 1740 1738
usemtl crystal
f 1739 1701 1702 1740
usemtl crystal
f 1739 1737 1735 1733 1731 1729 1727 1725 1723 1721 1719 1717 1715 1713 1711 1709 1707 1705 1703 1701
usemtl crystal
f 1702 1704 1706 1708 1710 1712 1714 1716 1718 1720 1722 1724 1726 1728 1730 1732 1734 1736 1738 1740
o candle
usemtl gold
f 1741 1743 1744 1742
usemtl gold
f 1743 1745 1746 1744
usemtl gold
f 1745 1747 1748 1746
usemtl gold
f 1747 1749 1750 1748
usemtl gold
f 1749 1751 1752 1750
usemtl gold
f 1751 1753 1754 1752
usemtl gold
f 1753 1755 1756 1754
usemtl gold
f 1755 1741 1742 1756
usemtl gold
f 1755 1753 1751 1749 1747 1745 1743 1741
usemtl gold
f 1742 1744 1746 1748 1750 1752 1754 1756
usemtl gold
f 1757 1759 1760 1758
usemtl gold
f 1759 1761 1762 1760
usemtl gold
f 1761 1763 1764 1762
usemtl gold
f 1763 1765 1766 1764
usemtl gold
f 1765 1767 1768 1766
usemtl gold
f 1767 1769 1770 1768
usemtl gold
f 1769 1771 1772 1770
usemtl gold
f 1771 1757 1758 1772
usemtl gold
f 1771 1769 1767 1765 1763 1761 1759 1757
usemtl gold
f 1758 1760 1762 1764 1766 1768 1770 1772
usemtl gold
f 1773 1775 1776 1774
usemtl gold
f 1775 1777 1778 1776
usemtl gold
f 1777 1779 1780 1778
usemtl gold
f 1779 1781 1782 1780
usemtl gold
f 1781 1783 1784 1782
usemtl gold
f 1783 1785 1786 1784
usemtl gold
f 1785 1787 1788 1786
usemtl gold
f 1787 1773 1774 1788
usemtl gold
f 1787 1785 1783 1781 1779 1777 1775 1773
usemtl gold
f 1774 1776 1778 1780 1782 1784 1786 1788
usemtl gold
f 1789 1791 1792 1790
usemtl gold
f 1791 1793 1794 1792
usemtl gold
f 1793 1795 1796 1794
usemtl gold
f 1795 1797 1798 1796
usemtl gold
f 1797 1799 1800 1798
usemtl gold
f 1799 1801 1802 1800
usemtl gold
f 1801 1803 1804 1802
usemtl gold
f 1803 1789 1790 1804
usemtl gold
f 1803 1801 1799 1797 1795 1793 1791 1789
usemtl gold
f 1790 1792 1794 1796 1798 1800 1802 1804
usemtl gold
f 1805 1807 1808 1806
usemtl gold
f 1807 1809 1810 1808
usemtl gold
f 1809 1811 1812 1810
usemtl gold
f 1811 1813 1814 1812
usemtl gold
f 1813 1815 1816 1814
usemtl gold
f 1815 1817 1818 1816
usemtl gold
f 1817 1819 1820 1818
usemtl gold
f 1819 1805 1806 1820
usemtl gold
f 1819 1817 1815 1813 1811 1809 1807 1805
usemtl gold
f 1806 1808 1810 1812 1814 1816 1818 1820
usemtl gold
f 1821 1823 1824 1822
usemtl gold
f 1823 1825 1826 1824
usemtl gold
f 1825 1827 1828 1826
usemtl gold
f 1827 1829 1830 1828
usemtl gold
f 1829 1831 1832 1830
usemtl gold
f 1831 1833 1834 1832
usemtl gold
f 1833 1835 1836 1834
usemtl gold
f 1835 1821 1822 1836
usemtl gold
f 1835 1833 1831 1829 1827 1825 1823 1821
usemtl gold
f 1822 1824 1826 1828 1830 1832 1834 1836
usemtl gold
f 1837 1839 1840 1838
usemtl gold
f 1839 1841 1842 1840
usemtl gold
f 1841 1843 1844 1842
usemtl gold
f 1843 1845 1846 1844
usemtl gold
f 1845 1847 1848 1846
usemtl gold
f 1847 1849 1850 1848
usemtl gold
f 1849 1851 1852 1850
usemtl gold
f 1851 1837 1838 1852
usemtl gold
f 1851 1849 1847 1845 1843 1841 1839 1837
usemtl gold
f 1838 1840 1842 1844 1846 1848 1850 1852
usemtl gold
f 1853 1855 1856 1854
usemtl gold
f 1855 1857 1858 1856
usemtl gold
f 1857 1859 1860 1858
usemtl gold
f 1859 1861 1862 1860
usemtl gold
f 1861 1863 1864 1862
usemtl gold
f 1863 1865 1866 1864
usemtl gold
f 1865 1867 1868 1866
usemtl gold
f 1867 1853 1854 1868
usemtl gold
f 1867 1865 1863 1861 1859 1857 1855 1853
usemtl gold
f 1854 1856 1858 1860 1862 1864 1866 1868
o chandelier_chain
usemtl gold
f 1869 1871 1872 1870
usemtl gold
f 1871 1873 1874 1872
usemtl gold
f 1873 1875 1876 1874
usemtl gold
f 1875 1877 1878 1876
usemtl gold
f 1877 1879 1880 1878
usemtl gold
f 1879 1881 1882 1880
usemtl gold
f 1881 1883 1884 1882
usemtl gold
f 1883 1885 1886 1884
usemtl gold
f 1885 1887 1888 1886
usemtl gold
f 1887 1869 1870 1888
usemtl gold
f 1887 1885 1883 1881 1879 1877 1875 1873 1871 1869
usemtl gold
f 1870 1872 1874 1876 1878 1880 1882 1884 1886 1888
o crystal_chandelier
usemtl crystal
f 1889 1891 1892 1890
usemtl crystal
f 1891 1893 1894 1892
usemtl crystal
f 1893 1895 1896 1894
usemtl crystal
f 1895 1897 1898 1896
usemtl crystal
f 1897 1899 1900 1898
usemtl crystal
f 1899 1901 1902 1900
usemtl crystal
f 1901 1903 1904 1902
usemtl crystal
f 1903 1905 1906 1904
usemtl crystal
f 1905 1907 1908 1906
usemtl crystal
f 1907 1909 1910 1908
usemtl crystal
f 1909 1911 1912 1910
usemtl crystal
f 1911 1913 1914 1912
usemtl crystal
f 1913 1915 1916 1914
usemtl crystal
f 1915 1917 1918 1916
usemtl crystal
f 1917 1919 1920 1918
usemtl crystal
f 1919 1921 1922 1920
usemtl crystal
f 1921 1923 1924 1922
usemtl crystal
f 1923 1925 1926 1924
usemtl crystal
f 1925 1927 1928 1926
usemtl crystal
f 1927 1889 1890 1928
usemtl crystal
f 1927 1925 1923 1921 1919 1917 1915 1913 1911 1909 1907 1905 1903 1901 1899 1897 1895 1893 1891 1889
usemtl crystal
f 1890 1892 1894 1896 1898 1900 1902 1904 1906 1908 1910 1912 1914 1916 1918 1920 1922 1924 1926 1928
o candle
usemtl gold
f 1929 1931 1932 1930
usemtl gold
f 1931 1933 1934 1932
usemtl gold
f 1933 1935 1936 1934
usemtl gold
f 1935 1937 1938 1936
usemtl gold
f 1937 1939 1940 1938
usemtl gold
f 1939 1941 1942 1940
usemtl gold
f 1941 1943 1944 1942
usemtl gold
f 1943 1929 1930 1944
usemtl gold
f 1943 1941 1939 1937 1935 1933 1931 1929
usemtl gold
f 1930 1932 1934 1936 1938 1940 1942 1944
usemtl gold
f 1945 1947 1948 1946
usemtl gold
f 1947 1949 1950 1948
usemtl gold
f 1949 1951 1952 1950
usemtl gold
f 1951 1953 1954 1952
usemtl gold
f 1953 1955 1956 1954
usemtl gold
f 1955 1957 1958 1956
usemtl gold
f 1957 1959 1960 1958
usemtl gold
f 1959 1945 1946 1960
usemtl gold
f 1959 1957 1955 1953 1951 1949 1947 1945
usemtl gold
f 1946 1948 1950 1952 1954 1956 1958 1960
usemtl gold
f 1961 1963 1964 1962
usemtl gold
f 1963 1965 1966 1964
usemtl gold
f 1965 1967 1968 1966
usemtl gold
f 1967 1969 1970 1968
usemtl gold
f 1969 1971 1972 1970
usemtl gold
f 1971 1973 1974 1972
usemtl gold
f 1973 1975 1976 1974
usemtl gold
f 1975 1961 1962 1976
usemtl gold
f 1975 1973 1971 1969 1967 1965 1963 1961
usemtl gold
f 1962 1964 1966 1968 1970 1972 1974 1976
usemtl gold
f 1977 1979 1980 1978
usemtl gold
f 1979 1981 1982 1980
usemtl gold
f 1981 1983 1984 1982
usemtl gold
f 1983 1985 1986 1984
usemtl gold
f 1985 1987 1988 1986
usemtl gold
f 1987 1989 1990 1988
usemtl gold
f 1989 1991 1992 1990
usemtl gold
f 1991 1977 1978 1992
usemtl gold
f 1991 1989 1987 1985 1983 1981 1979 1977
usemtl gold
f 1978 1980 1982 1984 1986 1988 1990 1992
usemtl gold
f 1993 1995 1996 1994
usemtl gold
f 1995 1997 1998 1996
usemtl gold
f 1997 1999 2000 1998
usemtl gold
f 1999 2001 2002 2000
usemtl gold
f 2001 2003 2004 2002
usemtl gold
f 2003 2005 2006 2004
usemtl gold
f 2005 2007 2008 2006
usemtl gold
f 2007 1993 1994 2008
usemtl gold
f 2007 2005 2003 2001 1999 1997 1995 1993
usemtl gold
f 1994 1996 1998 2000 2002 2004 2006 2008
usemtl gold
f 2009 2011 2012 2010
usemtl gold
f 2011 2013 2014 2012
usemtl gold
f 2013 2015 2016 2014
usemtl gold
f 2015 2017 2018 2016
usemtl gold
f 2017 2019 2020 2018
usemtl gold
f 2019 2021 2022 2020
usemtl gold
f 2021 2023 2024 2022
usemtl gold
f 2023 2009 2010 2024
usemtl gold
f 2023 2021 2019 2017 2015 2013 2011 2009
usemtl gold
f 2010 2012 2014 2016 2018 2020 2022 2024
usemtl gold
f 2025 2027 2028 2026
usemtl gold
f 2027 2029 2030 2028
usemtl gold
f 2029 2031 2032 2030
usemtl gold
f 2031 2033 2034 2032
usemtl gold
f 2033 2035 2036 2034
usemtl gold
f 2035 2037 2038 2036
usemtl gold
f 2037 2039 2040 2038
usemtl gold
f 2039 2025 2026 2040
usemtl gold
f 2039 2037 2035 2033 2031 2029 2027 2025
usemtl gold
f 2026 2028 2030 2032 2034 2036 2038 2040
usemtl gold
f 2041 2043 2044 2042
usemtl gold
f 2043 2045 2046 2044
usemtl gold
f 2045 2047 2048 2046
usemtl gold
f 2047 2049 2050 2048
usemtl gold
f 2049 2051 2052 2050
usemtl gold
f 2051 2053 2054 2052
usemtl gold
f 2053 2055 2056 2054
usemtl gold
f 2055 2041 2042 2056
usemtl gold
f 2055 2053 2051 2049 2047 2045 2043 2041
usemtl gold
f 2042 2044 2046 2048 2050 2052 2054 2056
o chandelier_chain
usemtl gold
f 2057 2059 2060 2058
usemtl gold
f 2059 2061 2062 2060
usemtl gold
f 2061 2063 2064 2062
usemtl gold
f 2063 2065 2066 2064
usemtl gold
f 2065 2067 2068 2066
usemtl gold
f 2067 2069 2070 2068
usemtl gold
f 2069 2071 2072 2070
usemtl gold
f 2071 2073 2074 2072
usemtl gold
f 2073 2075 2076 2074
usemtl gold
f 2075 2057 2058 2076
usemtl gold
f 2075 2073 2071 2069 2067 2065 2063 2061 2059 2057
usemtl gold
f 2058 2060 2062 2064 2066 2068 2070 2072 2074 2076
o crystal_chandelier
usemtl crystal
f 2077 2079 2080 2078
usemtl crystal
f 2079 2081 2082 2080
usemtl crystal
f 2081 2083 2084 2082
usemtl crystal
f 2083 2085 2086 2084
usemtl crystal
f 2085 2087 2088 2086
usemtl crystal
f 2087 2089 2090 2088
usemtl crystal
f 2089 2091 2092 2090
usemtl crystal
f 2091 2093 2094 2092
usemtl crystal
f 2093 2095 2096 2094
usemtl crystal
f 2095 2097 2098 2096
usemtl crystal
f 2097 2099 2100 2098
usemtl crystal
f 2099 2101 2102 2100
usemtl crystal
f 2101 2103 2104 2102
usemtl crystal
f 2103 2105 2106 2104
usemtl crystal
f 2105 2107 2108 2106
usemtl crystal
f 2107 2109 2110 2108
usemtl crystal
f 2109 2111 2112 2110
usemtl crystal
f 2111 2113 2114 2112
usemtl crystal
f 2113 2115 2116 2114
usemtl crystal
f 2115 2077 2078 2116
usemtl crystal
f 2115 2113 2111 2109 2107 2105 2103 2101 2099 2097 2095 2093 2091 2089 2087 2085 2083 2081 2079 2077
usemtl crystal
f 2078 2080 2082 2084 2086 2088 2090 2092 2094 2096 2098 2100 2102 2104 2106 2108 2110 2112 2114 2116
o candle
usemtl gold
f 2117 2119 2120 2118
usemtl gold
f 2119 2121 2122 2120
usemtl gold
f 2121 2123 2124 2122
usemtl gold
f 2123 2125 2126 2124
usemtl gold
f 2125 2127 2128 2126
usemtl gold
f 2127 2129 2130 2128
usemtl gold
f 2129 2131 2132 2130
usemtl gold
f 2131 2117 2118 2132
usemtl gold
f 2131 2129 2127 2125 2123 2121 2119 2117
usemtl gold
f 2118 2120 2122 2124 2126 2128 2130 2132
usemtl gold
f 2133 2135 2136 2134
usemtl gold
f 2135 2137 2138 2136
usemtl gold
f 2137 2139 2140 2138
usemtl gold
f 2139 2141 2142 2140
usemtl gold
f 2141 2143 2144 2142
usemtl gold
f 2143 2145 2146 2144
usemtl gold
f 2145 2147 2148 2146
usemtl gold
f 2147 2133 2134 2148
usemtl gold
f 2147 2145 2143 2141 2139 2137 2135 2133
usemtl gold
f 2134 2136 2138 2140 2142 2144 2146 2148
usemtl gold
f 2149 2151 2152 2150
usemtl gold
f 2151 2153 2154 2152
usemtl gold
f 2153 2155 2156 2154
usemtl gold
f 2155 2157 2158 2156
usemtl gold
f 2157 2159 2160 2158
usemtl gold
f 2159 2161 2162 2160
usemtl gold
f 2161 2163 2164 2162
usemtl gold
f 2163 2149 2150 2164
usemtl gold
f 2163 2161 2159 2157 2155 2153 2151 2149
usemtl gold
f 2150 2152 2154 2156 2158 2160 2162 2164
usemtl gold
f 2165 2167 2168 2166
usemtl gold
f 2167 2169 2170 2168
usemtl gold
f 2169 2171 2172 2170
usemtl gold
f 2171 2173 2174 2172
usemtl gold
f 2173 2175 2176 2174
usemtl gold
f 2175 2177 2178 2176
usemtl gold
f 2177 2179 2180 2178
usemtl gold
f 2179 2165 2166 2180
usemtl gold
f 2179 2177 2175 2173 2171 2169 2167 2165
usemtl gold
f 2166 2168 2170 2172 2174 2176 2178 2180
usemtl gold
f 2181 2183 2184 2182
usemtl gold
f 2183 2185 2186 2184
usemtl gold
f 2185 2187 2188 2186
usemtl gold
f 2187 2189 2190 2188
usemtl gold
f 2189 2191 2192 2190
usemtl gold
f 2191 2193 2194 2192
usemtl gold
f 2193 2195 2196 2194
usemtl gold
f 2195 2181 2182 2196
usemtl gold
f 2195 2193 2191 2189 2187 2185 2183 2181
usemtl gold
f 2182 2184 2186 2188 2190 2192 2194 2196
usemtl gold
f 2197 2199 2200 2198
usemtl gold
f 2199 2201 2202 2200
usemtl gold
f 2201 2203 2204 2202
usemtl gold
f 2203 2205 2206 2204
usemtl gold
f 2205 2207 2208 2206
usemtl gold
f 2207 2209 2210 2208
usemtl gold
f 2209 2211 2212 2210
usemtl gold
f 2211 2197 2198 2212
usemtl gold
f 2211 2209 2207 2205 2203 2201 2199 2197
usemtl gold
f 2198 2200 2202 2204 2206 2208 2210 2212
usemtl gold
f 2213 2215 2216 2214
usemtl gold
f 2215 2217 2218 2216
usemtl gold
f 2217 2219 2220 2218
usemtl gold
f 2219 2221 2222 2220
usemtl gold
f 2221 2223 2224 2222
usemtl gold
f 2223 2225 2226 2224
usemtl gold
f 2225 2227 2228 2226
usemtl gold
f 2227 2213 2214 2228
usemtl gold
f 2227 2225 2223 2221 2219 2217 2215 2213
usemtl gold
f 2214 2216 2218 2220 2222 2224 2226 2228
usemtl gold
f 2229 2231 2232 2230
usemtl gold
f 2231 2233 2234 2232
usemtl gold
f 2233 2235 2236 2234
usemtl gold
f 2235 2237 2238 2236
usemtl gold
f 2237 2239 2240 2238
usemtl gold
f 2239 2241 2242 2240
usemtl gold
f 2241 2243 2244 2242
usemtl gold
f 2243 2229 2230 2244
usemtl gold
f 2243 2241 2239 2237 2235 2233 2231 2229
usemtl gold
f 2230 2232 2234 2236 2238 2240 2242 2244
o chandelier_chain
usemtl gold
f 2245 2247 2248 2246
usemtl gold
f 2247 2249 2250 2248
usemtl gold
f 2249 2251 2252 2250
usemtl gold
f 2251 2253 2254 2252
usemtl gold
f 2253 2255 2256 2254
usemtl gold
f 2255 2257 2258 2256
usemtl gold
f 2257 2259 2260 2258
usemtl gold
f 2259 2261 2262 2260
usemtl gold
f 2261 2263 2264 2262
usemtl gold
f 2263 2245 2246 2264
usemtl gold
f 2263 2261 2259 2257 2255 2253 2251 2249 2247 2245
usemtl gold
f 2246 2248 2250 2252 2254 2256 2258 2260 2262 2264
o crystal_chandelier
usemtl crystal
f 2265 2267 2268 2266
usemtl crystal
f 2267 2269 2270 2268
usemtl crystal
f 2269 2271 2272 2270
usemtl crystal
f 2271 2273 2274 2272
usemtl crystal
f 2273 2275 2276 2274
usemtl crystal
f 2275 2277 2278 2276
usemtl crystal
f 2277 2279 2280 2278
usemtl crystal
f 2279 2281 2282 2280
usemtl crystal
f 2281 2283 2284 2282
usemtl crystal
f 2283 2285 2286 2284
usemtl crystal
f 2285 2287 2288 2286
usemtl crystal
f 2287 2289 2290 2288
usemtl crystal
f 2289 2291 2292 2290
usemtl crystal
f 2291 2293 2294 2292
usemtl crystal
f 2293 2295 2296 2294
usemtl crystal
f 2295 2297 2298 2296
usemtl crystal
f 2297 2299 2300 2298
usemtl crystal
f 2299 2301 2302 2300
usemtl crystal
f 2301 2303 2304 2302
usemtl crystal
f 2303 2265 2266 2304
usemtl crystal
f 2303 2301 2299 2297 2295 2293 2291 2289 2287 2285 2283 2281 2279 2277 2275 2273 2271 2269 2267 2265
usemtl crystal
f 2266 2268 2270 2272 2274 2276 2278 2280 2282 2284 2286 2288 2290 2292 2294 2296 2298 2300 2302 2304
o candle
usemtl gold
f 2305 2307 2308 2306
usemtl gold
f 2307 2309 2310 2308
usemtl gold
f 2309 2311 2312 2310
usemtl gold
f 2311 2313 2314 2312
usemtl gold
f 2313 2315 2316 2314
usemtl gold
f 2315 2317 2318 2316
usemtl gold
f 2317 2319 2320 2318
usemtl gold
f 2319 2305 2306 2320
usemtl gold
f 2319 2317 2315 2313 2311 2309 2307 2305
usemtl gold
f 2306 2308 2310 2312 2314 2316 2318 2320
usemtl gold
f 2321 2323 2324 2322
usemtl gold
f 2323 2325 2326 2324
usemtl gold
f 2325 2327 2328 2326
usemtl gold
f 2327 2329 2330 2328
usemtl gold
f 2329 2331 2332 2330
usemtl gold
f 2331 2333 2334 2332
usemtl gold
f 2333 2335 2336 2334
usemtl gold
f 2335 2321 2322 2336
usemtl gold
f 2335 2333 2331 2329 2327 2325 2323 2321
usemtl gold
f 2322 2324 2326 2328 2330 2332 2334 2336
usemtl gold
f 2337 2339 2340 2338
usemtl gold
f 2339 2341 2342 2340
usemtl gold
f 2341 2343 2344 2342
usemtl gold
f 2343 2345 2346 2344
usemtl gold
f 2345 2347 2348 2346
usemtl gold
f 2347 2349 2350 2348
usemtl gold
f 2349 2351 2352 2350
usemtl gold
f 2351 2337 2338 2352
usemtl gold
f 2351 2349 2347 2345 2343 2341 2339 2337
usemtl gold
f 2338 2340 2342 2344 2346 2348 2350 2352
usemtl gold
f 2353 2355 2356 2354
usemtl gold
f 2355 2357 2358 2356
usemtl gold
f 2357 2359 2360 2358
usemtl gold
f 2359 2361 2362 2360
usemtl gold
f 2361 2363 2364 2362
usemtl gold
f 2363 2365 2366 2364
usemtl gold
f 2365 2367 2368 2366
usemtl gold
f 2367 2353 2354 2368
usemtl gold
f 2367 2365 2363 2361 2359 2357 2355 2353
usemtl gold
f 2354 2356 2358 2360 2362 2364 2366 2368
usemtl gold
f 2369 2371 2372 2370
usemtl gold
f 2371 2373 2374 2372
usemtl gold
f 2373 2375 2376 2374
usemtl gold
f 2375 2377 2378 2376
usemtl gold
f 2377 2379 2380 2378
usemtl gold
f 2379 2381 2382 2380
usemtl gold
f 2381 2383 2384 2382
usemtl gold
f 2383 2369 2370 2384
usemtl gold
f 2383 2381 2379 2377 2375 2373 2371 2369
usemtl gold
f 2370 2372 2374 2376 2378 2380 2382 2384
usemtl gold
f 2385 2387 2388 2386
usemtl gold
f 2387 2389 2390 2388
usemtl gold
f 2389 2391 2392 2390
usemtl gold
f 2391 2393 2394 2392
usemtl gold
f 2393 2395 2396 2394
usemtl gold
f 2395 2397 2398 2396
usemtl gold
f 2397 2399 2400 2398
usemtl gold
f 2399 2385 2386 2400
usemtl gold
f 2399 2397 2395 2393 2391 2389 2387 2385
usemtl gold
f 2386 2388 2390 2392 2394 2396 2398 2400
usemtl gold
f 2401 2403 2404 2402
usemtl gold
f 2403 2405 2406 2404
usemtl gold
f 2405 2407 2408 2406
usemtl gold
f 2407 2409 2410 2408
usemtl gold
f 2409 2411 2412 2410
usemtl gold
f 2411 2413 2414 2412
usemtl gold
f 2413 2415 2416 2414
usemtl gold
f 2415 2401 2402 2416
usemtl gold
f 2415 2413 2411 2409 2407 2405 2403 2401
usemtl gold
f 2402 2404 2406 2408 2410 2412 2414 2416
usemtl gold
f 2417 2419 2420 2418
usemtl gold
f 2419 2421 2422 2420
usemtl gold
f 2421 2423 2424 2422
usemtl gold
f 2423 2425 2426 2424
usemtl gold
f 2425 2427 2428 2426
usemtl gold
f 2427 2429 2430 2428
usemtl gold
f 2429 2431 2432 2430
usemtl gold
f 2431 2417 2418 2432
usemtl gold
f 2431 2429 2427 2425 2423 2421 2419 2417
usemtl gold
f 2418 2420 2422 2424 2426 2428 2430 2432
o chandelier_chain
usemtl gold
f 2433 2435 2436 2434
usemtl gold
f 2435 2437 2438 2436
usemtl gold
f 2437 2439 2440 2438
usemtl gold
f 2439 2441 2442 2440
usemtl gold
f 2441 2443 2444 2442
usemtl gold
f 2443 2445 2446 2444
usemtl gold
f 2445 2447 2448 2446
usemtl gold
f 2447 2449 2450 2448
usemtl gold
f 2449 2451 2452 2450
usemtl gold
f 2451 2433 2434 2452
usemtl gold
f 2451 2449 2447 2445 2443 2441 2439 2437 2435 2433
usemtl gold
f 2434 2436 2438 2440 2442 2444 2446 2448 2450 2452
o crystal_chandelier
usemtl crystal
f 2453 2455 2456 2454
usemtl crystal
f 2455 2457 2458 2456
usemtl crystal
f 2457 2459 2460 2458
usemtl crystal
f 2459 2461 2462 2460
usemtl crystal
f 2461 2463 2464 2462
usemtl crystal
f 2463 2465 2466 2464
usemtl crystal
f 2465 2467 2468 2466
usemtl crystal
f 2467 2469 2470 2468
usemtl crystal
f 2469 2471 2472 2470
usemtl crystal
f 2471 2473 2474 2472
usemtl crystal
f 2473 2475 2476 2474
usemtl crystal
f 2475 2477 2478 2476
usemtl crystal
f 2477 2479 2480 2478
usemtl crystal
f 2479 2481 2482 2480
usemtl crystal
f 2481 2483 2484 2482
usemtl crystal
f 2483 2485 2486 2484
usemtl crystal
f 2485 2487 2488 2486
usemtl crystal
f 2487 2489 2490 2488
usemtl crystal
f 2489 2491 2492 2490
usemtl crystal
f 2491 2453 2454 2492
usemtl crystal
f 2491 2489 2487 2485 2483 2481 2479 2477 2475 2473 2471 2469 2467 2465 2463 2461 2459 2457 2455 2453
usemtl crystal
f 2454 2456 2458 2460 2462 2464 2466 2468 2470 2472 2474 2476 2478 2480 2482 2484 2486 2488 2490 2492
o candle
usemtl gold
f 2493 2495 2496 2494
usemtl gold
f 2495 2497 2498 2496
usemtl gold
f 2497 2499 2500 2498
usemtl gold
f 2499 2501 2502 2500
usemtl gold
f 2501 2503 2504 2502
usemtl gold
f 2503 2505 2506 2504
usemtl gold
f 2505 2507 2508 2506
usemtl gold
f 2507 2493 2494 2508
usemtl gold
f 2507 2505 2503 2501 2499 2497 2495 2493
usemtl gold
f 2494 2496 2498 2500 2502 2504 2506 2508
usemtl gold
f 2509 2511 2512 2510
usemtl gold
f 2511 2513 2514 2512
usemtl gold
f 2513 2515 2516 2514
usemtl gold
f 2515 2517 2518 2516
usemtl gold
f 2517 2519 2520 2518
usemtl gold
f 2519 2521 2522 2520
usemtl gold
f 2521 2523 2524 2522
usemtl gold
f 2523 2509 2510 2524
usemtl gold
f 2523 2521 2519 2517 2515 2513 2511 2509
usemtl gold
f 2510 2512 2514 2516 2518 2520 2522 2524
usemtl gold
f 2525 2527 2528 2526
usemtl gold
f 2527 2529 2530 2528
usemtl gold
f 2529 2531 2532 2530
usemtl gold
f 2531 2533 2534 2532
usemtl gold
f 2533 2535 2536 2534
usemtl gold
f 2535 2537 2538 2536
usemtl gold
f 2537 2539 2540 2538
usemtl gold
f 2539 2525 2526 2540
usemtl gold
f 2539 2537 2535 2533 2531 2529 2527 2525
usemtl gold
f 2526 2528 2530 2532 2534 2536 2538 2540
usemtl gold
f 2541 2543 2544 2542
usemtl gold
f 2543 2545 2546 2544
usemtl gold
f 2545 2547 2548 2546
usemtl gold
f 2547 2549 2550 2548
usemtl gold
f 2549 2551 2552 2550
usemtl gold
f 2551 2553 2554 2552
usemtl gold
f 2553 2555 2556 2554
usemtl gold
f 2555 2541 2542 2556
usemtl gold
f 2555 2553 2551 2549 2547 2545 2543 2541
usemtl gold
f 2542 2544 2546 2548 2550 2552 2554 2556
usemtl gold
f 2557 2559 2560 2558
usemtl gold
f 2559 2561 2562 2560
usemtl gold
f 2561 2563 2564 2562
usemtl gold
f 2563 2565 2566 2564
usemtl gold
f 2565 2567 2568 2566
usemtl gold
f 2567 2569 2570 2568
usemtl gold
f 2569 2571 2572 2570
usemtl gold
f 2571 2557 2558 2572
usemtl gold
f 2571 2569 2567 2565 2563 2561 2559 2557
usemtl gold
f 2558 2560 2562 2564 2566 2568 2570 2572
usemtl gold
f 2573 2575 2576 2574
usemtl gold
f 2575 2577 2578 2576
usemtl gold
f 2577 2579 2580 2578
usemtl gold
f 2579 2581 2582 2580
usemtl gold
f 2581 2583 2584 2582
usemtl gold
f 2583 2585 2586 2584
usemtl gold
f 2585 2587 2588 2586
usemtl gold
f 2587 2573 2574 2588
usemtl gold
f 2587 2585 2583 2581 2579 2577 2575 2573
usemtl gold
f 2574 2576 2578 2580 2582 2584 2586 2588
usemtl gold
f 2589 2591 2592 2590
usemtl gold
f 2591 2593 2594 2592
usemtl gold
f 2593 2595 2596 2594
usemtl gold
f 2595 2597 2598 2596
usemtl gold
f 2597 2599 2600 2598
usemtl gold
f 2599 2601 2602 2600
usemtl gold
f 2601 2603 2604 2602
usemtl gold
f 2603 2589 2590 2604
usemtl gold
f 2603 2601 2599 2597 2595 2593 2591 2589
usemtl gold
f 2590 2592 2594 2596 2598 2600 2602 2604
usemtl gold
f 2605 2607 2608 2606
usemtl gold
f 2607 2609 2610 2608
usemtl gold
f 2609 2611 2612 2610
usemtl gold
f 2611 2613 2614 2612
usemtl gold
f 2613 2615 2616 2614
usemtl gold
f 2615 2617 2618 2616
usemtl gold
f 2617 2619 2620 2618
usemtl gold
f 2619 2605 2606 2620
usemtl gold
f 2619 2617 2615 2613 2611 2609 2607 2605
usemtl gold
f 2606 2608 2610 2612 2614 2616 2618 2620
o chandelier_chain
usemtl gold
f 2621 2623 2624 2622
usemtl gold
f 2623 2625 2626 2624
usemtl gold
f 2625 2627 2628 2626
usemtl gold
f 2627 2629 2630 2628
usemtl gold
f 2629 2631 2632 2630
usemtl gold
f 2631 2633 2634 2632
usemtl gold
f 2633 2635 2636 2634
usemtl gold
f 2635 2637 2638 2636
usemtl gold
f 2637 2639 2640 2638
usemtl gold
f 2639 2621 2622 2640
usemtl gold
f 2639 2637 2635 2633 2631 2629 2627 2625 2623 2621
usemtl gold
f 2622 2624 2626 2628 2630 2632 2634 2636 2638 2640
o crystal_chandelier
usemtl crystal
f 2641 2643 2644 2642
usemtl crystal
f 2643 2645 2646 2644
usemtl crystal
f 2645 2647 2648 2646
usemtl crystal
f 2647 2649 2650 2648
usemtl crystal
f 2649 2651 2652 2650
usemtl crystal
f 2651 2653 2654 2652
usemtl crystal
f 2653 2655 2656 2654
usemtl crystal
f 2655 2657 2658 2656
usemtl crystal
f 2657 2659 2660 2658
usemtl crystal
f 2659 2661 2662 2660
usemtl crystal
f 2661 2663 2664 2662
usemtl crystal
f 2663 2665 2666 2664
usemtl crystal
f 2665 2667 2668 2666
usemtl crystal
f 2667 2669 2670 2668
usemtl crystal
f 2669 2671 2672 2670
usemtl crystal
f 2671 2673 2674 2672
usemtl crystal
f 2673 2675 2676 2674
usemtl crystal
f 2675 2677 2678 2676
usemtl crystal
f 2677 2679 2680 2678
usemtl crystal
f 2679 2641 2642 2680
usemtl crystal
f 2679 2677 2675 2673 2671 2669 2667 2665 2663 2661 2659 2657 2655 2653 2651 2649 2647 2645 2643 2641
usemtl crystal
f 2642 2644 2646 2648 2650 2652 2654 2656 2658 2660 2662 2664 2666 2668 2670 2672 2674 2676 2678 2680
o candle
usemtl gold
f 2681 2683 2684 2682
usemtl gold
f 2683 2685 2686 2684
usemtl gold
f 2685 2687 2688 2686
usemtl gold
f 2687 2689 2690 2688
usemtl gold
f 2689 2691 2692 2690
usemtl gold
f 2691 2693 2694 2692
usemtl gold
f 2693 2695 2696 2694
usemtl gold
f 2695 2681 2682 2696
usemtl gold
f 2695 2693 2691 2689 2687 2685 2683 2681
usemtl gold
f 2682 2684 2686 2688 2690 2692 2694 2696
usemtl gold
f 2697 2699 2700 2698
usemtl gold
f 2699 2701 2702 2700
usemtl gold
f 2701 2703 2704 2702
usemtl gold
f 2703 2705 2706 2704
usemtl gold
f 2705 2707 2708 2706
usemtl gold
f 2707 2709 2710 2708
usemtl gold
f 2709 2711 2712 2710
usemtl gold
f 2711 2697 2698 2712
usemtl gold
f 2711 2709 2707 2705 2703 2701 2699 2697
usemtl gold
f 2698 2700 2702 2704 2706 2708 2710 2712
usemtl gold
f 2713 2715 2716 2714
usemtl gold
f 2715 2717 2718 2716
usemtl gold
f 2717 2719 2720 2718
usemtl gold
f 2719 2721 2722 2720
usemtl gold
f 2721 2723 2724 2722
usemtl gold
f 2723 2725 2726 2724
usemtl gold
f 2725 2727 2728 2726
usemtl gold
f 2727 2713 2714 2728
usemtl gold
f 2727 2725 2723 2721 2719 2717 2715 2713
usemtl gold
f 2714 2716 2718 2720 2722 2724 2726 2728
usemtl gold
f 2729 2731 2732 2730
usemtl gold
f 2731 2733 2734 2732
usemtl gold
f 2733 2735 2736 2734
usemtl gold
f 2735 2737 2738 2736
usemtl gold
f 2737 2739 2740 2738
usemtl gold
f 2739 2741 2742 2740
usemtl gold
f 2741 2743 2744 2742
usemtl gold
f 2743 2729 2730 2744
usemtl gold
f 2743 2741 2739 2737 2735 2733 2731 2729
usemtl gold
f 2730 2732 2734 2736 2738 2740 2742 2744
usemtl gold
f 2745 2747 2748 2746
usemtl gold
f 2747 2749 2750 2748
usemtl gold
f 2749 2751 2752 2750
usemtl gold
f 2751 2753 2754 2752
usemtl gold
f 2753 2755 2756 2754
usemtl gold
f 2755 2757 2758 2756
usemtl gold
f 2757 2759 2760 2758
usemtl gold
f 2759 2745 2746 2760
usemtl gold
f 2759 2757 2755 2753 2751 2749 2747 2745
usemtl gold
f 2746 2748 2750 2752 2754 2756 2758 2760
usemtl gold
f 2761 2763 2764 2762
usemtl gold
f 2763 2765 2766 2764
usemtl gold
f 2765 2767 2768 2766
usemtl gold
f 2767 2769 2770 2768
usemtl gold
f 2769 2771 2772 2770
usemtl gold
f 2771 2773 2774 2772
usemtl gold
f 2773 2775 2776 2774
usemtl gold
f 2775 2761 2762 2776
usemtl gold
f 2775 2773 2771 2769 2767 2765 2763 2761
usemtl gold
f 2762 2764 2766 2768 2770 2772 2774 2776
usemtl gold
f 2777 2779 2780 2778
usemtl gold
f 2779 2781 2782 2780
usemtl gold
f 2781 2783 2784 2782
usemtl gold
f 2783 2785 2786 2784
usemtl gold
f 2785 2787 2788 2786
usemtl gold
f 2787 2789 2790 2788
usemtl gold
f 2789 2791 2792 2790
usemtl gold
f 2791 2777 2778 2792
usemtl gold
f 2791 2789 2787 2785 2783 2781 2779 2777
usemtl gold
f 2778 2780 2782 2784 2786 2788 2790 2792
usemtl gold
f 2793 2795 2796 2794
usemtl gold
f 2795 2797 2798 2796
usemtl gold
f 2797 2799 2800 2798
usemtl gold
f 2799 2801 2802 2800
usemtl gold
f 2801 2803 2804 2802
usemtl gold
f 2803 2805 2806 2804
usemtl gold
f 2805 2807 2808 2806
usemtl gold
f 2807 2793 2794 2808
usemtl gold
f 2807 2805 2803 2801 2799 2797 2795 2793
usemtl gold
f 2794 2796 2798 2800 2802 2804 2806 2808
o chandelier_chain
usemtl gold
f 2809 2811 2812 2810
usemtl gold
f 2811 2813 2814 2812
usemtl gold
f 2813 2815 2816 2814
usemtl gold
f 2815 2817 2818 2816
usemtl gold
f 2817 2819 2820 2818
usemtl gold
f 2819 2821 2822 2820
usemtl gold
f 2821 2823 2824 2822
usemtl gold
f 2823 2825 2826 2824
usemtl gold
f 2825 2827 2828 2826
usemtl gold
f 2827 2809 2810 2828
usemtl gold
f 2827 2825 2823 2821 2819 2817 2815 2813 2811 2809
usemtl gold
f 2810 2812 2814 2816 2818 2820 2822 2824 2826 2828
o crystal_chandelier
usemtl crystal
f 2829 2831 2832 2830
usemtl crystal
f 2831 2833 2834 2832
usemtl crystal
f 2833 2835 2836 2834
usemtl crystal
f 2835 2837 2838 2836
usemtl crystal
f 2837 2839 2840 2838
usemtl crystal
f 2839 2841 2842 2840
usemtl crystal
f 2841 2843 2844 2842
usemtl crystal
f 2843 2845 2846 2844
usemtl crystal
f 2845 2847 2848 2846
usemtl crystal
f 2847 2849 2850 2848
usemtl crystal
f 2849 2851 2852 2850
usemtl crystal
f 2851 2853 2854 2852
usemtl crystal
f 2853 2855 2856 2854
usemtl crystal
f 2855 2857 2858 2856
usemtl crystal
f 2857 2859 2860 2858
usemtl crystal
f 2859 2861 2862 2860
usemtl crystal
f 2861 2863 2864 2862
usemtl crystal
f 2863 2865 2866 2864
usemtl crystal
f 2865 2867 2868 2866
usemtl crystal
f 2867 2829 2830 2868
usemtl crystal
f 2867 2865 2863 2861 2859 2857 2855 2853 2851 2849 2847 2845 2843 2841 2839 2837 2835 2833 2831 2829
usemtl crystal
f 2830 2832 2834 2836 2838 2840 2842 2844 2846 2848 2850 2852 2854 2856 2858 2860 2862 2864 2866 2868
o candle
usemtl gold
f 2869 2871 2872 2870
usemtl gold
f 2871 2873 2874 2872
usemtl gold
f 2873 2875 2876 2874
usemtl gold
f 2875 2877 2878 2876
usemtl gold
f 2877 2879 2880 2878
usemtl gold
f 2879 2881 2882 2880
usemtl gold
f 2881 2883 2884 2882
usemtl gold
f 2883 2869 2870 2884
usemtl gold
f 2883 2881 2879 2877 2875 2873 2871 2869
usemtl gold
f 2870 2872 2874 2876 2878 2880 2882 2884
usemtl gold
f 2885 2887 2888 2886
usemtl gold
f 2887 2889 2890 2888
usemtl gold
f 2889 2891 2892 2890
usemtl gold
f 2891 2893 2894 2892
usemtl gold
f 2893 2895 2896 2894
usemtl gold
f 2895 2897 2898 2896
usemtl gold
f 2897 2899 2900 2898
usemtl gold
f 2899 2885 2886 2900
usemtl gold
f 2899 2897 2895 2893 2891 2889 2887 2885
usemtl gold
f 2886 2888 2890 2892 2894 2896 2898 2900
usemtl gold
f 2901 2903 2904 2902
usemtl gold
f 2903 2905 2906 2904
usemtl gold
f 2905 2907 2908 2906
usemtl gold
f 2907 2909 2910 2908
usemtl gold
f 2909 2911 2912 2910
usemtl gold
f 2911 2913 2914 2912
usemtl gold
f 2913 2915 2916 2914
usemtl gold
f 2915 2901 2902 2916
usemtl gold
f 2915 2913 2911 2909 2907 2905 2903 2901
usemtl gold
f 2902 2904 2906 2908 2910 2912 2914 2916
usemtl gold
f 2917 2919 2920 2918
usemtl gold
f 2919 2921 2922 2920
usemtl gold
f 2921 2923 2924 2922
usemtl gold
f 2923 2925 2926 2924
usemtl gold
f 2925 2927 2928 2926
usemtl gold
f 2927 2929 2930 2928
usemtl gold
f 2929 2931 2932 2930
usemtl gold
f 2931 2917 2918 2932
usemtl gold
f 2931 2929 2927 2925 2923 2921 2919 2917
usemtl gold
f 2918 2920 2922 2924 2926 2928 2930 2932
usemtl gold
f 2933 2935 2936 2934
usemtl gold
f 2935 2937 2938 2936
usemtl gold
f 2937 2939 2940 2938
usemtl gold
f 2939 2941 2942 2940
usemtl gold
f 2941 2943 2944 2942
usemtl gold
f 2943 2945 2946 2944
usemtl gold
f 2945 2947 2948 2946
usemtl gold
f 2947 2933 2934 2948
usemtl gold
f 2947 2945 2943 2941 2939 2937 2935 2933
usemtl gold
f 2934 2936 2938 2940 2942 2944 2946 2948
usemtl gold
f 2949 2951 2952 2950
usemtl gold
f 2951 2953 2954 2952
usemtl gold
f 2953 2955 2956 2954
usemtl gold
f 2955 2957 2958 2956
usemtl gold
f 2957 2959 2960 2958
usemtl gold
f 2959 2961 2962 2960
usemtl gold
f 2961 2963 2964 2962
usemtl gold
f 2963 2949 2950 2964
usemtl gold
f 2963 2961 2959 2957 2955 2953 2951 2949
usemtl gold
f 2950 2952 2954 2956 2958 2960 2962 2964
usemtl gold
f 2965 2967 2968 2966
usemtl gold
f 2967 2969 2970 2968
usemtl gold
f 2969 2971 2972 2970
usemtl gold
f 2971 2973 2974 2972
usemtl gold
f 2973 2975 2976 2974
usemtl gold
f 2975 2977 2978 2976
usemtl gold
f 2977 2979 2980 2978
usemtl gold
f 2979 2965 2966 2980
usemtl gold
f 2979 2977 2975 2973 2971 2969 2967 2965
usemtl gold
f 2966 2968 2970 2972 2974 2976 2978 2980
usemtl gold
f 2981 2983 2984 2982
usemtl gold
f 2983 2985 2986 2984
usemtl gold
f 2985 2987 2988 2986
usemtl gold
f 2987 2989 2990 2988
usemtl gold
f 2989 2991 2992 2990
usemtl gold
f 2991 2993 2994 2992
usemtl gold
f 2993 2995 2996 2994
usemtl gold
f 2995 2981 2982 2996
usemtl gold
f 2995 2993 2991 2989 2987 2985 2983 2981
usemtl gold
f 2982 2984 2986 2988 2990 2992 2994 2996
o signing_table
usemtl wood
f 2997 2998 2999 3000
usemtl wood
f 3002 3001 3004 3003
usemtl wood
f 3001 2997 3000 3004
usemtl wood
f 2998 3002 3003 2999
usemtl wood
f 3000 2999 3003 3004
usemtl wood
f 3001 3002 2998 2997
o chair_seat
usemtl wood
f 3005 3006 3007 3008
usemtl wood
f 3010 3009 3012 3011
usemtl wood
f 3009 3005 3008 3012
usemtl wood
f 3006 3010 3011 3007
usemtl wood
f 3008 3007 3011 3012
usemtl wood
f 3009 3010 3006 3005
o chair_back
usemtl velvet
f 3013 3014 3015 3016
usemtl velvet
f 3018 3017 3020 3019
usemtl velvet
f 3017 3013 3016 3020
usemtl velvet
f 3014 3018 3019 3015
usemtl velvet
f 3016 3015 3019 3020
usemtl velvet
f 3017 3018 3014 3013
o chair_seat
usemtl wood
f 3021 3022 3023 3024
usemtl wood
f 3026 3025 3028 3027
usemtl wood
f 3025 3021 3024 3028
usemtl wood
f 3022 3026 3027 3023
usemtl wood
f 3024 3023 3027 3028
usemtl wood
f 3025 3026 3022 3021
o chair_back
usemtl velvet
f 3029 3030 3031 3032
usemtl velvet
f 3034 3033 3036 3035
usemtl velvet
f 3033 3029 3032 3036
usemtl velvet
f 3030 3034 3035 3031
usemtl velvet
f 3032 3031 3035 3036
usemtl velvet
f 3033 3034 3030 3029
o chair_seat
usemtl wood
f 3037 3038 3039 3040
usemtl wood
f 3042 3041 3044 3043
usemtl wood
f 3041 3037 3040 3044
usemtl wood
f 3038 3042 3043 3039
usemtl wood
f 3040 3039 3043 3044
usemtl wood
f 3041 3042 3038 3037
o chair_back
usemtl velvet
f 3045 3046 3047 3048
usemtl velvet
f 3050 3049 3052 3051
usemtl velvet
f 3049 3045 3048 3052
usemtl velvet
f 3046 3050 3051 3047
usemtl velvet
f 3048 3047 3051 3052
usemtl velvet
f 3049 3050 3046 3045
o chair_seat
usemtl wood
f 3053 3054 3055 3056
usemtl wood
f 3058 3057 3060 3059
usemtl wood
f 3057 3053 3056 3060
usemtl wood
f 3054 3058 3059 3055
usemtl wood
f 3056 3055 3059 3060
usemtl wood
f 3057 3058 3054 3053
o chair_back
usemtl velvet
f 3061 3062 3063 3064
usemtl velvet
f 3066 3065 3068 3067
usemtl velvet
f 3065 3061 3064 3068
usemtl velvet
f 3062 3066 3067 3063
usemtl velvet
f 3064 3063 3067 3068
usemtl velvet
f 3065 3066 3062 3061
o chair_seat
usemtl wood
f 3069 3070 3071 3072
usemtl wood
f 3074 3073 3076 3075
usemtl wood
f 3073 3069 3072 3076
usemtl wood
f 3070 3074 3075 3071
usemtl wood
f 3072 3071 3075 3076
usemtl wood
f 3073 3074 3070 3069
o chair_back
usemtl velvet
f 3077 3078 3079 3080
usemtl velvet
f 3082 3081 3084 3083
usemtl velvet
f 3081 3077 3080 3084
usemtl velvet
f 3078 3082 3083 3079
usemtl velvet
f 3080 3079 3083 3084
usemtl velvet
f 3081 3082 3078 3077
o chair_seat
usemtl wood
f 3085 3086 3087 3088
usemtl wood
f 3090 3089 3092 3091
usemtl wood
f 3089 3085 3088 3092
usemtl wood
f 3086 3090 3091 3087
usemtl wood
f 3088 3087 3091 3092
usemtl wood
f 3089 3090 3086 3085
o chair_back
usemtl velvet
f 3093 3094 3095 3096
usemtl velvet
f 3098 3097 3100 3099
usemtl velvet
f 3097 3093 3096 3100
usemtl velvet
f 3094 3098 3099 3095
usemtl velvet
f 3096 3095 3099 3100
usemtl velvet
f 3097 3098 3094 3093
o chair_seat
usemtl wood
f 3101 3102 3103 3104
usemtl wood
f 3106 3105 3108 3107
usemtl wood
f 3105 3101 3104 3108
usemtl wood
f 3102 3106 3107 3103
usemtl wood
f 3104 3103 3107 3108
usemtl wood
f 3105 3106 3102 3101
o chair_back
usemtl velvet
f 3109 3110 3111 3112
usemtl velvet
f 3114 3113 3116 3115
usemtl velvet
f 3113 3109 3112 3116
usemtl velvet
f 3110 3114 3115 3111
usemtl velvet
f 3112 3111 3115 3116
usemtl velvet
f 3113 3114 3110 3109
o chair_seat
usemtl wood
f 3117 3118 3119 3120
usemtl wood
f 3122 3121 3124 3123
usemtl wood
f 3121 3117 3120 3124
usemtl wood
f 3118 3122 3123 3119
usemtl wood
f 3120 3119 3123 3124
usemtl wood
f 3121 3122 3118 3117
o chair_back
usemtl velvet
f 3125 3126 3127 3128
usemtl velvet
f 3130 3129 3132 3131
usemtl velvet
f 3129 3125 3128 3132
usemtl velvet
f 3126 3130 3131 3127
usemtl velvet
f 3128 3127 3131 3132
usemtl velvet
f 3129 3130 3126 3125
o chair_seat
usemtl wood
f 3133 3134 3135 3136
usemtl wood
f 3138 3137 3140 3139
usemtl wood
f 3137 3133 3136 3140
usemtl wood
f 3134 3138 3139 3135
usemtl wood
f 3136 3135 3139 3140
usemtl wood
f 3137 3138 3134 3133
o chair_back
usemtl velvet
f 3141 3142 3143 3144
usemtl velvet
f 3146 3145 3148 3147
usemtl velvet
f 3145 3141 3144 3148
usemtl velvet
f 3142 3146 3147 3143
usemtl velvet
f 3144 3143 3147 3148
usemtl velvet
f 3145 3146 3142 3141
o chair_seat
usemtl wood
f 3149 3150 3151 3152
usemtl wood
f 3154 3153 3156 3155
usemtl wood
f 3153 3149 3152 3156
usemtl wood
f 3150 3154 3155 3151
usemtl wood
f 3152 3151 3155 3156
usemtl wood
f 3153 3154 3150 3149
o chair_back
usemtl velvet
f 3157 3158 3159 3160
usemtl velvet
f 3162 3161 3164 3163
usemtl velvet
f 3161 3157 3160 3164
usemtl velvet
f 3158 3162 3163 3159
usemtl velvet
f 3160 3159 3163 3164
usemtl velvet
f 3161 3162 3158 3157
o chair_seat
usemtl wood
f 3165 3166 3167 3168
usemtl wood
f 3170 3169 3172 3171
usemtl wood
f 3169 3165 3168 3172
usemtl wood
f 3166 3170 3171 3167
usemtl wood
f 3168 3167 3171 3172
usemtl wood
f 3169 3170 3166 3165
o chair_back
usemtl velvet
f 3173 3174 3175 3176
usemtl velvet
f 3178 3177 3180 3179
usemtl velvet
f 3177 3173 3176 3180
usemtl velvet
f 3174 3178 3179 3175
usemtl velvet
f 3176 3175 3179 3180
usemtl velvet
f 3177 3178 3174 3173
o chair_seat
usemtl wood
f 3181 3182 3183 3184
usemtl wood
f 3186 3185 3188 3187
usemtl wood
f 3185 3181 3184 3188
usemtl wood
f 3182 3186 3187 3183
usemtl wood
f 3184 3183 3187 3188
usemtl wood
f 3185 3186 3182 3181
o chair_back
usemtl velvet
f 3189 3190 3191 3192
usemtl velvet
f 3194 3193 3196 3195
usemtl velvet
f 3193 3189 3192 3196
usemtl velvet
f 3190 3194 3195 3191
usemtl velvet
f 3192 3191 3195 3196
usemtl velvet
f 3193 3194 3190 3189
o chair_seat
usemtl wood
f 3197 3198 3199 3200
usemtl wood
f 3202 3201 3204 3203
usemtl wood
f 3201 3197 3200 3204
usemtl wood
f 3198 3202 3203 3199
usemtl wood
f 3200 3199 3203 3204
usemtl wood
f 3201 3202 3198 3197
o chair_back
usemtl velvet
f 3205 3206 3207 3208
usemtl velvet
f 3210 3209 3212 3211
usemtl velvet
f 3209 3205 3208 3212
usemtl velvet
f 3206 3210 3211 3207
usemtl velvet
f 3208 3207 3211 3212
usemtl velvet
f 3209 3210 3206 3205
o chair_seat
usemtl wood
f 3213 3214 3215 3216
usemtl wood
f 3218 3217 3220 3219
usemtl wood
f 3217 3213 3216 3220
usemtl wood
f 3214 3218 3219 3215
usemtl wood
f 3216 3215 3219 3220
usemtl wood
f 3217 3218 3214 3213
o chair_back
usemtl velvet
f 3221 3222 3223 3224
usemtl velvet
f 3226 3225 3228 3227
usemtl velvet
f 3225 3221 3224 3228
usemtl velvet
f 3222 3226 3227 3223
usemtl velvet
f 3224 3223 3227 3228
usemtl velvet
f 3225 3226 3222 3221
o end_column
usemtl marble
f 3229 3231 3232 3230
usemtl marble
f 3231 3233 3234 3232
usemtl marble
f 3233 3235 3236 3234
usemtl marble
f 3235 3237 3238 3236
usemtl marble
f 3237 3239 3240 3238
usemtl marble
f 3239 3241 3242 3240
usemtl marble
f 3241 3243 3244 3242
usemtl marble
f 3243 3245 3246 3244
usemtl marble
f 3245 3247 3248 3246
usemtl marble
f 3247 3249 3250 3248
usemtl marble
f 3249 3251 3252 3250
usemtl marble
f 3251 3253 3254 3252
usemtl marble
f 3253 3255 3256 3254
usemtl marble
f 3255 3257 3258 3256
usemtl marble
f 3257 3259 3260 3258
usemtl marble
f 3259 3229 3230 3260
usemtl marble
f 3259 3257 3255 3253 3251 3249 3247 3245 3243 3241 3239 3237 3235 3233 3231 3229
usemtl marble
f 3230 3232 3234 3236 3238 3240 3242 3244 3246 3248 3250 3252 3254 3256 3258 3260
usemtl marble
f 3261 3263 3264 3262
usemtl marble
f 3263 3265 3266 3264
usemtl marble
f 3265 3267 3268 3266
usemtl marble
f 3267 3269 3270 3268
usemtl marble
f 3269 3271 3272 3270
usemtl marble
f 3271 3273 3274 3272
usemtl marble
f 3273 3275 3276 3274
usemtl marble
f 3275 3277 3278 3276
usemtl marble
f 3277 3279 3280 3278
usemtl marble
f 3279 3281 3282 3280
usemtl marble
f 3281 3283 3284 3282
usemtl marble
f 3283 3285 3286 3284
usemtl marble
f 3285 3287 3288 3286
usemtl marble
f 3287 3289 3290 3288
usemtl marble
f 3289 3291 3292 3290
usemtl marble
f 3291 3261 3262 3292
usemtl marble
f 3291 3289 3287 3285 3283 3281 3279 3277 3275 3273 3271 3269 3267 3265 3263 3261
usemtl marble
f 3262 3264 3266 3268 3270 3272 3274 3276 3278 3280 3282 3284 3286 3288 3290 3292
